module_group,avg_total_l2,avg_ratio,ratio_std,avg_ma_total,avg_std_total,avg_sparsity,avg_heavy_tail,stability_ratio,recommended_bits,rationale
image_encoder.neck.convs.0,0.003518914679459514,0.0012377400718125214,0.0004004407950744184,0.003518759172813998,0.0011184657012571662,0.956230423126571,14736.422226068507,0.31785798525186204,32,Extreme gradient-to-weight scaling
image_encoder.neck.convs.1,0.018458859804250886,0.0024835277527931678,0.0008365957402920612,0.018454707808623357,0.006260995334974735,0.9570013965588273,38102.60754146385,0.33926277239941727,32,Extreme gradient-to-weight scaling
image_encoder.neck.convs.2,0.0007241206853979312,0.00015285377599594428,9.208440743377236e-05,0.000735005955865884,0.00041961009563786346,0.9492338730098776,53267.79281753959,0.5708934632285203,32,Extreme gradient-to-weight scaling
image_encoder.neck.convs.3,0.0012401743345178504,0.00046961424538465127,0.0003151047864854635,0.0012615623945408862,0.0007924099141259811,0.9799045678414722,31077.039689441044,0.6281178937759624,32,Extreme gradient-to-weight scaling
image_encoder.trunk.blocks.0,0.04592777491734523,0.000800930727126929,0.00013034552017042214,0.04608284096278492,0.0066476965746711655,0.9596881038464965,51890.3371027944,0.14425535483022064,32,Extreme gradient-to-weight scaling
image_encoder.trunk.blocks.1,0.024018585280462346,0.0004989385960563885,0.00010823904261432065,0.02414512731895403,0.0048079945930549275,0.9463238621077398,24635.91618899335,0.19912898074803817,32,Extreme gradient-to-weight scaling
image_encoder.trunk.blocks.10,0.022481418256209352,0.00017067569972977262,4.042768313080138e-05,0.022619758452658446,0.00512904108564793,0.9620915794849233,58019.903875859214,0.22675047995683287,32,Extreme gradient-to-weight scaling
image_encoder.trunk.blocks.11,0.025533136284336608,0.00019536406661889503,4.571948285308383e-05,0.025656403235106772,0.005747815987826437,0.9618533818040491,45137.167817210684,0.22403046659172593,32,Extreme gradient-to-weight scaling
image_encoder.trunk.blocks.12,0.025614423445374443,0.00018779669244240528,4.4672687229241296e-05,0.025685212028237082,0.005801797648334143,0.9625760444311723,72292.59782022545,0.22588085478741338,32,Extreme gradient-to-weight scaling
image_encoder.trunk.blocks.13,0.021786789591270343,0.00017808455718416972,4.473271810685066e-05,0.021864008775735896,0.005321603469377576,0.9624100755833571,69203.99421570924,0.24339559702717245,32,Extreme gradient-to-weight scaling
image_encoder.trunk.blocks.14,0.020424438548968492,0.00017091741999109567,4.108948127981366e-05,0.020512409457673665,0.0047146843067339276,0.9619784279604886,69109.2049531535,0.22984546581241194,32,Extreme gradient-to-weight scaling
image_encoder.trunk.blocks.15,0.0196947306940867,0.00017605064130098903,4.276952775540906e-05,0.019795396088766733,0.004534958576868713,0.9627974210124337,71225.36537352171,0.22909158051362052,32,Extreme gradient-to-weight scaling
image_encoder.trunk.blocks.16,0.021795289115738855,0.0001799257858571245,4.7163799319006724e-05,0.021908072633913984,0.0054697173242586015,0.9630070789468289,54653.113339160875,0.24966675141433514,32,Extreme gradient-to-weight scaling
image_encoder.trunk.blocks.17,0.016793239332366244,0.00015599078864257426,4.107900585403546e-05,0.01688087236444766,0.0042890973096541395,0.9643138263706557,65685.60486971885,0.2540803115535243,32,Extreme gradient-to-weight scaling
image_encoder.trunk.blocks.18,0.014845555935509132,0.00014645373635157065,4.1380027178394504e-05,0.014928710259091678,0.004014538047969015,0.9652076435314426,119413.140434255,0.268913923459941,32,Extreme gradient-to-weight scaling
image_encoder.trunk.blocks.19,0.013846443123824152,0.00014371190859618224,4.253709535941836e-05,0.013908648749379004,0.003806884563059703,0.9664463610989749,178691.27919997377,0.2737062838853899,32,Extreme gradient-to-weight scaling
image_encoder.trunk.blocks.2,0.0473154170529834,0.000688343486361318,0.0001501056063736763,0.04758171290418516,0.009927809904606089,0.9583891332072566,93267.22576191452,0.20864759376354575,32,Extreme gradient-to-weight scaling
image_encoder.trunk.blocks.20,0.01306029434087587,0.00016204111077116823,5.3184210455833314e-05,0.013125804564266336,0.0038997481598415594,0.9685962458172486,50551.564645900624,0.29710545671678107,32,Extreme gradient-to-weight scaling
image_encoder.trunk.blocks.21,0.0059610313475949635,0.00011163949191096687,3.708243967212713e-05,0.0059731282810496136,0.001868455611834826,0.973790318345861,112246.04213872546,0.3128102267220178,32,Extreme gradient-to-weight scaling
image_encoder.trunk.blocks.22,0.002386981273635583,9.927160148850762e-05,3.511982815325838e-05,0.002389629730049021,0.0007894620329846102,0.9743975986665268,328185.086745919,0.3303700247186057,32,Extreme gradient-to-weight scaling
image_encoder.trunk.blocks.23,0.0023419559760621605,0.00011591333734374324,4.004226860202295e-05,0.0023455238069339922,0.0007646412571495314,0.9732533877810325,487794.3305212473,0.3260002115045895,32,Extreme gradient-to-weight scaling
image_encoder.trunk.blocks.3,0.021501202018735847,0.00023234271349109316,5.2780756560626585e-05,0.02162674683741782,0.004761312151269573,0.9614853052180846,77137.48712200565,0.22015850035437234,32,Extreme gradient-to-weight scaling
image_encoder.trunk.blocks.4,0.023128932133036156,0.00026445270454579864,5.9804528277328165e-05,0.02326738397951594,0.005062376483047262,0.9594828903371887,146176.2422562691,0.21757394331498806,32,Extreme gradient-to-weight scaling
image_encoder.trunk.blocks.5,0.04631804936276319,0.00036575109351248594,7.820637574007241e-05,0.04657330081052431,0.009617990138426293,0.9655098926185834,101057.59687394125,0.2065129585200645,32,Extreme gradient-to-weight scaling
image_encoder.trunk.blocks.6,0.021356773682505856,0.00013516930132722847,3.099607185157176e-05,0.021416269772762925,0.004673265205893753,0.9653339078613163,131050.14313021327,0.21821097957204394,32,Extreme gradient-to-weight scaling
image_encoder.trunk.blocks.7,0.021462359737320778,0.00014344555441028704,3.224418088723887e-05,0.021561802469327027,0.0046212170674178295,0.9649949452585531,61019.23424516238,0.2143242464998829,32,Extreme gradient-to-weight scaling
image_encoder.trunk.blocks.8,0.022628681767598566,0.00015270735698531547,3.43301100376716e-05,0.022753463064215135,0.004891462835651395,0.9634202804219946,42617.063514876485,0.2149766311109057,32,Extreme gradient-to-weight scaling
image_encoder.trunk.blocks.9,0.022857164198364404,0.00016394702042993705,3.801882721099976e-05,0.022959462292089207,0.00514912706991077,0.9627268246985904,183760.11698511665,0.22427036854800064,32,Extreme gradient-to-weight scaling
image_encoder.trunk.patch_embed.proj,0.07766938807554138,0.01552212530567727,0.0020574615571618935,0.0775753154552027,0.010271033383393895,0.9550579474400491,6643.653572200698,0.1324007942877795,32,Extreme gradient-to-weight scaling
image_encoder.trunk.pos_embed,0.0058850865347979025,0.0024466528497528355,0.0005950090919957376,0.005901296739033646,0.0013133945405241327,0.9990825089340775,773223.9226051568,0.22256032845065926,32,Extreme gradient-to-weight scaling
image_encoder.trunk.pos_embed_window,0.0067213930533793955,0.00316302187267179,0.0009252011961740632,0.006726570042307194,0.0018321918113908826,0.9889907172900633,129932.94234734816,0.27238128791749655,32,Extreme gradient-to-weight scaling
mask_downsample.bias,6.302021104710731e-07,2.8010682650474073e-06,9.071483882013581e-06,6.709187960284439e-07,1.1664872311653556e-06,0.14,0.86,1.7386414541826338,16,High gradient dynamics or heavy tails
mask_downsample.weight,5.656524363797933e-07,3.2312195272890266e-06,1.322174188693836e-05,5.845080054392085e-07,1.3720521716005339e-06,0.25367898642117875,0.960005144197636,2.347362497746378,16,High gradient dynamics or heavy tails
maskmem_tpos_enc,0.00014968886767232817,3.9884490643273426e-05,3.315719065433398e-05,0.00015203579178318613,0.00011991328332171991,0.9665318791061601,1207.7994067869154,0.788717458667396,32,Extreme gradient-to-weight scaling
memory_attention.layers.0.cross_attn_image,0.006409599854915163,0.0005585057893668345,0.00031533060644709903,0.006502254737972607,0.0034585092345728228,0.9543036077242573,21194.94497122207,0.5318938389748754,32,Extreme gradient-to-weight scaling
memory_attention.layers.0.linear1,0.003227019150064398,0.0001087723062328729,5.973551487573603e-05,0.0032757173997087084,0.001750811814479658,0.9914018814999371,295096.8922370409,0.5344819472630173,32,Extreme gradient-to-weight scaling
memory_attention.layers.0.linear2,0.002351943666094089,0.00032721957235640995,0.00018893926294044036,0.002388630614389125,0.0012813459848043998,0.9537303817394858,23815.700666494165,0.5364353856496538,32,Extreme gradient-to-weight scaling
memory_attention.layers.0.norm1,0.00021009550983100544,5.446766194955789e-05,3.535002026875418e-05,0.00021306689409691636,0.00013346637606583624,0.9329508723921908,542.8281231527446,0.6264059774820168,32,Extreme gradient-to-weight scaling
memory_attention.layers.0.norm2,9.521788865393556e-05,1.2264287962802857e-05,9.130046053291225e-06,9.697278029359904e-05,6.911870908746782e-05,0.9255231195050035,198.69173727163584,0.7127640238652638,32,Extreme gradient-to-weight scaling
memory_attention.layers.0.norm3,0.00037206256556156285,0.00010160994676181277,5.9658880548065876e-05,0.00037637910046661586,0.0002162008701986356,0.9292670170061024,209.536266006133,0.5744231545550766,32,Extreme gradient-to-weight scaling
memory_attention.layers.0.self_attn,0.0016429007968989263,0.0005492410619704454,0.000328969033364861,0.0016652087334936662,0.0009555075049686955,0.9625884537985087,65197.41515620844,0.5738064458525913,32,Extreme gradient-to-weight scaling
memory_attention.layers.1.cross_attn_image,0.006465159477741931,0.00023776987353857175,0.0001446006141296104,0.006548901517087813,0.003857030307118993,0.9538324864196426,49800.841669562695,0.5889583614984868,32,Extreme gradient-to-weight scaling
memory_attention.layers.1.linear1,0.0023838114243863342,8.23730848161234e-05,4.735522175098896e-05,0.002427170296560998,0.0013272783546146025,0.9949002028868167,273806.6761943116,0.5468418744639355,32,Extreme gradient-to-weight scaling
memory_attention.layers.1.linear2,0.0016251639818501249,0.0002349897298845164,0.00013621005054052424,0.0016537675437644482,0.000912157229394756,0.9597173802660991,57322.29905454335,0.5515631461229582,32,Extreme gradient-to-weight scaling
memory_attention.layers.1.norm1,0.00037361437235624044,8.066269090682128e-05,5.178736355878411e-05,0.000379762397912765,0.00023626072769759672,0.9312544402765822,428.31057737078555,0.6221277540802448,32,Extreme gradient-to-weight scaling
memory_attention.layers.1.norm2,0.00015969709520801268,3.146871882156965e-05,2.5334743611192413e-05,0.00016107167329942778,0.00012167515476215882,0.9230693867116916,467.72454827792154,0.7554100126343636,32,Extreme gradient-to-weight scaling
memory_attention.layers.1.norm3,0.0002161513186647228,2.816351241869111e-05,1.8452690317648376e-05,0.00021999841287548524,0.00013472283461261634,0.9196206091634281,246.48615711401382,0.6123809388064395,32,Extreme gradient-to-weight scaling
memory_attention.layers.1.self_attn,0.0034961363021514123,0.00019787366600583744,0.00011731172523515186,0.0035600937967005812,0.002075657734470377,0.9624783239217143,82020.01956285538,0.5830345639752673,32,Extreme gradient-to-weight scaling
memory_attention.layers.2.cross_attn_image,0.0031297441971945695,0.00017336756303422946,0.000104326076666608,0.0031765703434041078,0.0018870360635215718,0.9582034613763156,65199.972829352344,0.5940482531544911,32,Extreme gradient-to-weight scaling
memory_attention.layers.2.linear1,0.0026255649797630926,9.163153091586717e-05,5.217724486735525e-05,0.00266645167620557,0.001467454258169071,0.9948509163116684,1502832.7213131313,0.5503397159843888,32,Extreme gradient-to-weight scaling
memory_attention.layers.2.linear2,0.0014821954872312072,0.0002146851955563264,0.00012537181006434727,0.0015081577337539731,0.0008258937605420173,0.9647040289836559,57007.66836710739,0.5476176278235005,32,Extreme gradient-to-weight scaling
memory_attention.layers.2.norm1,0.0003645567500996094,8.114032872106323e-05,5.516381864597967e-05,0.00037140758743828907,0.00024292844262244494,0.9316037459286859,686.1293640839493,0.654075066958099,32,Extreme gradient-to-weight scaling
memory_attention.layers.2.norm2,0.00010633584824358012,1.9454356019472136e-05,1.4719733511130474e-05,0.00010746738031722076,7.458645610877662e-05,0.9262614477008294,129.433133886942,0.6940380968496053,32,Extreme gradient-to-weight scaling
memory_attention.layers.2.norm3,0.00023047272407169479,3.578571809798e-05,2.28224494259087e-05,0.00023396698947708198,0.00014300650029016075,0.924627497566522,702.4396361861902,0.6112251160293226,32,Extreme gradient-to-weight scaling
memory_attention.layers.2.self_attn,0.004321448292721186,0.00016787226074207716,9.892908115263061e-05,0.004391466275324094,0.0025174829801657772,0.9694795783821759,259088.6053242365,0.5732670644225737,32,Extreme gradient-to-weight scaling
memory_attention.layers.3.cross_attn_image,0.0029194321789569985,0.00012008356642975634,7.31548218094097e-05,0.0029741763961838264,0.0017418960040400165,0.9595065940733837,93057.06469944387,0.5856734006345582,32,Extreme gradient-to-weight scaling
memory_attention.layers.3.linear1,0.002388836071984117,8.07796015841928e-05,4.628385711913895e-05,0.002425289864065963,0.0013508135734557,0.9946093133529518,216660.0160584596,0.5569699496418464,32,Extreme gradient-to-weight scaling
memory_attention.layers.3.linear2,0.0012487375037079325,0.00011991559916307842,7.498199586133938e-05,0.0012709868386403642,0.000712464235410623,0.9774909496364633,138883.29597539493,0.5605598844538628,32,Extreme gradient-to-weight scaling
memory_attention.layers.3.norm1,0.00037831831472005985,0.00010100407773702507,5.8847048919049795e-05,0.0003871532120310232,0.00021332709821967875,0.9308228308877725,533.4600775824418,0.5510146670372569,32,Extreme gradient-to-weight scaling
memory_attention.layers.3.norm2,0.00010036452901551269,1.4997617983550579e-05,1.0937440522109072e-05,0.00010159984766393152,7.048243722702927e-05,0.9303210801033827,848.4622275191743,0.6937258160087864,32,Extreme gradient-to-weight scaling
memory_attention.layers.3.norm3,0.00023861464287941325,3.886590775976713e-05,2.380536085089875e-05,0.00024143686566103378,0.0001415108993892669,0.924181597179398,347.5210212883208,0.5861196839257419,32,Extreme gradient-to-weight scaling
memory_attention.layers.3.self_attn,0.005472439393384854,0.00017251420948896605,9.696456771498914e-05,0.005588994812877266,0.002993907165710545,0.9741044272512988,310566.7812190497,0.5356790023874175,32,Extreme gradient-to-weight scaling
memory_attention.norm.bias,0.0003122197004274866,0.00017335698496043458,0.00011198069051731765,0.0003182637233279661,0.00019382845045965645,0.9428046830511944,934.6041552456921,0.6090183588404735,32,Extreme gradient-to-weight scaling
memory_attention.norm.weight,0.0003608161351799619,2.6811965133794405e-05,1.6914089763888533e-05,0.00036442403774018876,0.00021960874633289017,0.9827734626880857,1795.023139184313,0.602618717729749,32,Extreme gradient-to-weight scaling
memory_encoder.fuser.layers.0,0.005069607008563722,0.0007003764232740356,0.00044894593858960807,0.005168379183159314,0.002932540212281634,0.9778295387706616,24076.407744514687,0.5674003606076438,32,Extreme gradient-to-weight scaling
memory_encoder.fuser.layers.1,0.002620785131897331,0.0003086838113676391,0.00022021740681073777,0.0026594675216869883,0.0017028528891883663,0.9742272706777299,15128.57335774303,0.6402984339166474,32,Extreme gradient-to-weight scaling
memory_encoder.mask_downsampler.encoder.0,0.008996786375180562,0.020987190719508636,0.016456094791513668,0.009113373562477699,0.006622961405295531,0.5810835379669544,262859.8560557082,0.726729938138837,32,Extreme gradient-to-weight scaling
memory_encoder.mask_downsampler.encoder.1,0.0011307184830758636,0.0014988703018338297,0.00128809378835701,0.0011746246730192414,0.0009143169532963989,0.6239032943042179,9.721584669421182,0.7783907270960428,2,Low-energy + moderate sparsity; Very stable & sparse layer
memory_encoder.mask_downsampler.encoder.10,0.0011138299831926538,0.0003434323492864214,0.0002216696492671163,0.0011415822256972505,0.0007095574729102025,0.9676725586225293,212.28549553891733,0.6215561673420609,32,Extreme gradient-to-weight scaling
memory_encoder.mask_downsampler.encoder.12,0.0017365857599108258,0.0004875577933338047,0.000283285362969916,0.001770552647304032,0.0009419559094317807,0.977687955739242,18095.219321076114,0.5320123696214676,32,Extreme gradient-to-weight scaling
memory_encoder.mask_downsampler.encoder.3,0.010013767446173955,0.02389314815011592,0.01764858640504793,0.010243235977283568,0.006896960622792693,0.8851300098773096,578079.253355095,0.6733185331362167,32,Extreme gradient-to-weight scaling
memory_encoder.mask_downsampler.encoder.4,0.0007795176082244443,0.0006547456241403124,0.00044263225217619457,0.0007945162893665312,0.0005117352019081787,0.8333530037917937,49.78069183357211,0.6440839649948346,8,Default balance
memory_encoder.mask_downsampler.encoder.6,0.0049781598421285034,0.00585520912990958,0.0039848416504420815,0.005078283757237671,0.0031794449071299597,0.9720314925613663,823662.4862562236,0.6260865006998775,32,Extreme gradient-to-weight scaling
memory_encoder.mask_downsampler.encoder.7,0.0009459219162260484,0.0005211507489807339,0.00036025751722060007,0.0009660795229545312,0.0006545011277936258,0.946253068905471,131.35085997754769,0.6774816277980773,32,Extreme gradient-to-weight scaling
memory_encoder.mask_downsampler.encoder.9,0.001840338842444196,0.0006191292897639595,0.000388486762633363,0.0018784206651288884,0.001105084570906674,0.9815362798790506,2215566.27776618,0.5883051605114493,32,Extreme gradient-to-weight scaling
memory_encoder.out_proj.bias,0.000606865002598921,0.002438757795691867,0.0014805426355247655,0.0006156184808335499,0.0003629024468372354,0.88217466073732,1970.4286187762095,0.589492450496067,32,Extreme gradient-to-weight scaling
memory_encoder.out_proj.weight,0.0042995049532929324,0.0008064732493363285,0.0004433177469851284,0.004366801831245757,0.0023033649670468866,0.9879049281553298,5519.193938906287,0.5274718331767725,32,Extreme gradient-to-weight scaling
memory_encoder.pix_feat_proj.bias,0.000532795671421374,0.0007447302695829045,0.00044504321677398586,0.0005422753579411448,0.00030970752795305074,0.9567098707632159,464.9108321450401,0.5711259481325436,32,Extreme gradient-to-weight scaling
memory_encoder.pix_feat_proj.weight,0.0025162341838475422,0.00025639374128561974,0.00014474361392962835,0.0025597654896144066,0.001376053514781474,0.9974418157218683,39754.422239488966,0.5375701486579373,32,Extreme gradient-to-weight scaling
no_mem_embed,0.0009643048274267043,0.005902543857139332,0.0026993710951153313,0.0009549492855047938,0.00044264002327717907,0.9461637488638889,330.70405238514365,0.46352202153143246,32,Extreme gradient-to-weight scaling
no_obj_embed_spatial,5.020438084179585e-05,3.3179024227755803e-05,8.262070534534451e-05,5.077880026810253e-05,9.413811244214464e-05,0.9233181709732483,170.0336065189285,1.8538861088704948,32,Extreme gradient-to-weight scaling
no_obj_ptr,8.18512058487293e-06,2.9988716500071854e-06,4.930952187475694e-06,8.237897896642315e-06,1.1308398791529761e-05,0.9114490630233368,52.255809591500395,1.372728690427075,16,High gradient dynamics or heavy tails
obj_ptr_proj.layers.0.bias,1.6780452229834555e-05,9.140994895458525e-06,7.1844382524775636e-06,1.721802448108844e-05,1.2784190943940363e-05,0.9568037111301129,211.34211327495248,0.7424888353470507,32,Extreme gradient-to-weight scaling
obj_ptr_proj.layers.0.weight,0.0007228897255997609,9.709328866631084e-05,7.656741397215513e-05,0.0007404165389261659,0.0005507186346161775,0.9972939859425959,35539.793641673874,0.7437956956159983,32,Extreme gradient-to-weight scaling
obj_ptr_proj.layers.1.bias,3.425940780055686e-05,3.0882835551376914e-05,2.435859826649393e-05,3.5143686452412456e-05,2.5866414376705295e-05,0.959956107897562,814.7611967892987,0.7360188127028342,32,Extreme gradient-to-weight scaling
obj_ptr_proj.layers.1.weight,0.0005988480803926391,0.00010045916111307779,8.365293411994373e-05,0.0006131533296585463,0.00048333349826311237,0.9983532533578886,2433.00472572061,0.7882750934945942,32,Extreme gradient-to-weight scaling
obj_ptr_proj.layers.2.bias,6.050023245052216e-05,2.8024551285451003e-05,2.1177262048616385e-05,6.187889317423842e-05,4.4576504413796046e-05,0.9556513973733558,948.2356624197076,0.720383027671126,32,Extreme gradient-to-weight scaling
obj_ptr_proj.layers.2.weight,0.00047666152649931655,8.123129368007445e-05,6.962107635543652e-05,0.0004885007058100576,0.0003999906394830981,0.9980924311567627,6036.5746589829205,0.8188128179258463,32,Extreme gradient-to-weight scaling
obj_ptr_tpos_proj.bias,8.285362947299415e-06,1.6062856566972065e-05,1.5689401374443747e-05,8.451030013703878e-06,7.448976818671092e-06,0.8362775981055995,82.36721065431821,0.8814282763866779,16,High gradient dynamics or heavy tails
obj_ptr_tpos_proj.weight,9.601556995720705e-05,1.4662801712330118e-05,1.4124572146905356e-05,9.788003268355132e-05,8.495200677784038e-05,0.93260932833355,87.42276898064881,0.8679196813561804,16,High gradient dynamics or heavy tails
sam_mask_decoder.conv_s0.bias,0.0028991972239964525,0.01611255745439984,0.012833208620757434,0.002945719735699151,0.0021082986427557234,0.8536870349325725,172.24315474244318,0.7157159648303506,32,Extreme gradient-to-weight scaling
sam_mask_decoder.conv_s0.weight,0.0011625198201569299,0.0005449411736818163,0.0003933147400718522,0.001173318306580183,0.0007947970994103904,0.9952444838080311,42703.4485626417,0.6773925668363167,32,Extreme gradient-to-weight scaling
sam_mask_decoder.conv_s1.bias,0.00027238200887634025,0.00040629796828014656,0.00023960707418753456,0.000276089580819028,0.00015287541255733672,0.8981118223798736,52394.76971630984,0.5537167034838013,32,Extreme gradient-to-weight scaling
sam_mask_decoder.conv_s1.weight,0.00035809969485062936,7.6180442624541e-05,5.219499229051704e-05,0.0003625473914947231,0.00023553137170709198,0.9891355507975356,1241399.9121343165,0.6496567820720899,32,Extreme gradient-to-weight scaling
sam_mask_decoder.iou_prediction_head.layers.0,0.0021015736026682766,0.00011845011234316706,0.00010314912106299017,0.002128382883449568,0.0016982263230033087,0.9793575289417973,88083.86028252137,0.7978951231983764,32,Extreme gradient-to-weight scaling
sam_mask_decoder.iou_prediction_head.layers.1,0.0024571456202273152,0.00011641832480950854,0.00011950393157809907,0.0024907794995650437,0.0023163176591141283,0.9764417869358276,861.1527398143651,0.929956930960215,32,Extreme gradient-to-weight scaling
sam_mask_decoder.iou_prediction_head.layers.2,0.005507744808846343,0.0008684925188801452,0.0010108096633738499,0.005581684209251861,0.005976494319369842,0.8006886427873307,60.54597789651825,1.0707331506615096,16,High gradient dynamics or heavy tails
sam_mask_decoder.iou_token.weight,0.00013060548004610294,0.00011304273637802735,7.204389218991823e-05,0.00013149743507351625,7.872311320049944e-05,0.9165138543289173,133.80586688179207,0.5986665303128363,32,Extreme gradient-to-weight scaling
sam_mask_decoder.mask_tokens.weight,0.00023600358279351065,7.23601249422812e-05,3.718820780731314e-05,0.00023508327163959078,0.00011939994938512492,0.9544196009246039,578.273439507289,0.5079049162127475,32,Extreme gradient-to-weight scaling
sam_mask_decoder.obj_score_token.weight,0.00010847722807699503,4.3789615973868236e-05,2.6434768690341968e-05,0.00010750927165378962,6.420360368737604e-05,0.9227668102787254,235.08532945205144,0.5971913184765113,32,Extreme gradient-to-weight scaling
sam_mask_decoder.output_hypernetworks_mlps.0.layers,0.0014473766505571832,4.6867457123046024e-05,6.136588853943939e-05,0.0014089281468852622,0.001840014148342701,0.977638926597503,3259.963370162357,1.305967342912729,32,Extreme gradient-to-weight scaling
sam_mask_decoder.output_hypernetworks_mlps.1.layers,0.0011496478341035399,4.00816098991922e-05,3.845647426733201e-05,0.0011682047616580742,0.0010140186959712437,0.9497071814688307,5215.476332447216,0.8680145204441825,32,Extreme gradient-to-weight scaling
sam_mask_decoder.output_hypernetworks_mlps.2.layers,0.0007818339848169621,2.302023213842537e-05,2.937511602532786e-05,0.000806253210777021,0.0008398297734821183,0.9550166448193184,6037.730903605244,1.0416451832455191,32,Extreme gradient-to-weight scaling
sam_mask_decoder.output_hypernetworks_mlps.3.layers,0.0011041740443650297,3.5795035861299524e-05,4.2160432727252634e-05,0.0011128152794153757,0.0010262042821806313,0.9488229516266509,12204.544899358318,0.9221694751708962,32,Extreme gradient-to-weight scaling
sam_mask_decoder.output_upscaling.0.bias,0.0002723325279752633,0.0005893530677517197,0.0003474531599689614,0.00027603124626180775,0.00015281310996923344,0.8981332703700883,31511.99688266752,0.5536080137257163,32,Extreme gradient-to-weight scaling
sam_mask_decoder.output_upscaling.0.weight,0.003946773282460408,0.0005458285575798326,0.0002959914508828536,0.003994671405134914,0.0020781420218343996,0.9989209195140237,9614464.321136773,0.5202285272233081,32,Extreme gradient-to-weight scaling
sam_mask_decoder.output_upscaling.1.bias,0.0008255964535435297,0.0004930398198403293,0.0003338368796500176,0.0008377306566329511,0.0005172578313760171,0.9131280061829168,138.5041798638108,0.6174512383908757,32,Extreme gradient-to-weight scaling
sam_mask_decoder.output_upscaling.1.weight,0.0010516923771913002,0.00027661445434216914,0.00019692207259002707,0.0010687313799586976,0.0007038648488751582,0.9423727313492334,206.99380215764126,0.658598467373869,32,Extreme gradient-to-weight scaling
sam_mask_decoder.output_upscaling.3.bias,0.002899532903029467,0.016136169444314362,0.012850817977849942,0.002946015607428576,0.0021085655855352884,0.853791396787564,161.2773158746006,0.7157346961157975,32,Extreme gradient-to-weight scaling
sam_mask_decoder.output_upscaling.3.weight,0.004099644469612901,0.0008147327586557568,0.0004903159976845079,0.004132466721325316,0.0023815887124777496,0.992903665018067,13735.356307327766,0.5763116494532724,32,Extreme gradient-to-weight scaling
sam_mask_decoder.pred_obj_score_head.layers.0,0.0007157776328713346,6.568454023180474e-05,8.616940981162289e-05,0.0007229413401427724,0.0008996833425882205,0.9763617979483052,9552.65836050691,1.2444762702469658,32,Extreme gradient-to-weight scaling
sam_mask_decoder.pred_obj_score_head.layers.1,0.0004886470547720097,5.1461208299204166e-05,7.492683599588282e-05,0.0004917925879592371,0.0006298456801980577,0.9642046912950343,238.25045475484242,1.2807140563295014,32,Extreme gradient-to-weight scaling
sam_mask_decoder.pred_obj_score_head.layers.2,0.0012093975617799666,0.0017336689894158423,0.0024616172868797926,0.001213708422058654,0.0015799781758018348,0.45922939011566755,10.07893035248957,1.3017773849850407,16,High gradient dynamics or heavy tails
sam_mask_decoder.transformer.final_attn_token_to_image.k_proj,0.0032125791279778945,0.00031106060651750527,0.00017929310996118365,0.0032366718167664487,0.0017524730902579858,0.9730786823016487,18914.41436064869,0.5414429356661712,32,Extreme gradient-to-weight scaling
sam_mask_decoder.transformer.final_attn_token_to_image.out_proj,0.002055971630289091,0.00016081952241898587,8.57009355467947e-05,0.002079265947564533,0.0009938065634438197,0.9564522253236214,1196591.6830786886,0.477960293923861,32,Extreme gradient-to-weight scaling
sam_mask_decoder.transformer.final_attn_token_to_image.q_proj,0.002338470184460438,0.0002131482530993094,0.00013380007160160247,0.0023717295034057294,0.0013545483866695945,0.9786714556606705,13113.002796944491,0.571122627906979,32,Extreme gradient-to-weight scaling
sam_mask_decoder.transformer.final_attn_token_to_image.v_proj,0.0033019743870246875,0.00027428174524339046,0.00016377950556520417,0.0033196861864118778,0.001765813657642652,0.9505205475875149,63008.49523304696,0.5319218620333667,32,Extreme gradient-to-weight scaling
sam_mask_decoder.transformer.layers.0,0.030909028617056085,0.00023478237029607655,0.000168835800995464,0.03049521422534772,0.023905407323269203,0.9637001786698016,713560.1404399097,0.7839068499934968,32,Extreme gradient-to-weight scaling
sam_mask_decoder.transformer.layers.1,0.02984550872265464,0.00014419158764417613,5.943711766627378e-05,0.029805215535319746,0.012047665573329765,0.9604285340296902,519740.241718873,0.4042133350471179,32,Extreme gradient-to-weight scaling
sam_mask_decoder.transformer.norm_final_attn.bias,8.320447598773329e-05,2.0560620142173524e-05,1.5329778685314398e-05,8.357570574606779e-05,5.5041794838185514e-05,0.9130415421817155,251.84124855037518,0.6585860609472055,32,Extreme gradient-to-weight scaling
sam_mask_decoder.transformer.norm_final_attn.weight,0.00010794500625528916,2.105981848123929e-06,1.937501258033218e-06,0.00010849681942076482,8.726407648491894e-05,0.975794522697098,264.4869906651067,0.8043007799749177,32,Extreme gradient-to-weight scaling
sam_prompt_encoder.mask_downscaling.0.bias,0.0004510495177344524,0.003356039806189588,0.00532910391550776,0.0004358330442770266,0.0006262121994512151,0.531148643102613,2878276.4124781126,1.436816706934178,32,Extreme gradient-to-weight scaling
sam_prompt_encoder.mask_downscaling.0.weight,0.004787287669545972,0.040184023820153354,0.06301291952362312,0.004571111128797741,0.006711555758440258,0.6001492101389448,35145.24326678313,1.4682547786156055,32,Extreme gradient-to-weight scaling
sam_prompt_encoder.mask_downscaling.1.bias,0.000912036964856755,0.007959373949599996,0.01145459669036991,0.0008839612022133913,0.0012300229457886823,0.5968941045206124,37.086227550146596,1.3914897426592605,16,High gradient dynamics or heavy tails
sam_prompt_encoder.mask_downscaling.1.weight,0.0009641498590906669,0.004843628172333969,0.0070764859024203715,0.0009267155934370013,0.0012986320038581396,0.678639620828655,12.1290467412196,1.4013274547822976,16,High gradient dynamics or heavy tails
sam_prompt_encoder.mask_downscaling.3.bias,0.00873731015853792,1.258305095237143,1.7179694339897118,0.00840256451371444,0.011151189319875868,0.8045463519953998,115497.36531047072,1.327117370140413,32,Extreme gradient-to-weight scaling
sam_prompt_encoder.mask_downscaling.3.weight,0.001730493969656193,0.002818145722428116,0.0038409673167336855,0.001668761514615322,0.002211319122910724,0.9039573499041735,69718.69755015054,1.3251259113681506,32,Extreme gradient-to-weight scaling
sam_prompt_encoder.mask_downscaling.4.bias,0.00013863284649663692,6.802849195318696e-05,9.029432112369026e-05,0.00013458490417521813,0.00017761577137957873,0.7972952154523272,22.701306860097738,1.3197302659467518,16,High gradient dynamics or heavy tails
sam_prompt_encoder.mask_downscaling.4.weight,0.00019274439819631724,0.00011977967230566353,0.00016009836862542715,0.00018562253537311184,0.0002413410458987109,0.8646909468481453,32.09780770841603,1.3001710455769913,16,High gradient dynamics or heavy tails
sam_prompt_encoder.mask_downscaling.6.bias,0.0003357646210778575,0.00042026152574467827,0.00056456111959331,0.0003251792183950128,0.0004323996268390565,0.9370364753102038,478.33266982109694,1.3297271239326165,32,Extreme gradient-to-weight scaling
sam_prompt_encoder.mask_downscaling.6.weight,0.0009656807187739656,0.00025078177679092764,0.00035903974940198374,0.0009318994821726649,0.001276225480674621,0.9867635325652565,1231.5626719204058,1.3694883462100245,32,Extreme gradient-to-weight scaling
sam_prompt_encoder.no_mask_embed.weight,0.0004737769292620689,0.0011998441265385123,0.0006831499800894868,0.0004767998995537846,0.00025492041976599275,0.9359438413320961,873.0138593680321,0.5346486440214463,32,Extreme gradient-to-weight scaling
sam_prompt_encoder.not_a_point_embed.weight,0.0001773310097197954,0.00011007367524761125,7.993248632542482e-05,0.00017570224029518508,0.00011890678326755391,0.9226184584550358,195.18455312895168,0.6767516627436675,32,Extreme gradient-to-weight scaling
sam_prompt_encoder.point_embeddings.0.weight,0.00021445280465385346,0.00013728311250316673,0.00028350573250379886,0.00020617848491788962,0.0003691277744900748,0.9876370967127945,193.97184418228164,1.7903312008383394,32,Extreme gradient-to-weight scaling
sam_prompt_encoder.point_embeddings.1.weight,0.00020328301620694495,0.00013881635645483098,0.0002319637394969812,0.00019801692359510637,0.00029474655890865853,0.9888147066663191,110.20634879549814,1.4884917589737903,16,High gradient dynamics or heavy tails
sam_prompt_encoder.point_embeddings.2.weight,4.769202452151781e-05,2.3675027240628637e-05,5.887706018938627e-05,4.7356632668014595e-05,0.0001004514882785638,0.990504308627235,29.003456268396462,2.1211704173048243,16,High gradient dynamics or heavy tails
sam_prompt_encoder.point_embeddings.3.weight,5.904327517955805e-05,2.7971307673943493e-05,8.092528057955907e-05,5.8242150230829434e-05,0.00013511024510199808,0.9898075457379977,27.279851241955463,2.319801802758304,16,High gradient dynamics or heavy tails
