name,numel,mean,std,min,max
image_encoder.trunk.patch_embed.proj.weight,16464,-0.0003654124739114195,0.019766805693507195,-0.13725562393665314,0.15103831887245178
image_encoder.trunk.patch_embed.proj.bias,112,-0.009037242271006107,0.19328823685646057,-1.2190691232681274,0.4677557647228241
image_encoder.trunk.blocks.0.norm1.weight,112,0.8640316724777222,0.28460508584976196,0.24590814113616943,2.011146068572998
image_encoder.trunk.blocks.0.norm1.bias,112,-0.004639146383851767,0.411878377199173,-1.3682379722595215,1.7040332555770874
image_encoder.trunk.blocks.0.attn.qkv.weight,37632,0.00026412951410748065,0.0906364768743515,-0.6272900104522705,0.6408467292785645
image_encoder.trunk.blocks.0.attn.qkv.bias,336,0.032704778015613556,0.33964627981185913,-1.6340203285217285,1.828816533088684
image_encoder.trunk.blocks.0.attn.proj.weight,12544,4.128944419790059e-05,0.031026504933834076,-0.33485227823257446,0.3736264705657959
image_encoder.trunk.blocks.0.attn.proj.bias,112,0.003184140892699361,0.16579842567443848,-0.40331360697746277,0.9609766602516174
image_encoder.trunk.blocks.0.norm2.weight,112,2.804813861846924,1.1890230178833008,0.5952999591827393,7.462252616882324
image_encoder.trunk.blocks.0.norm2.bias,112,0.05342206731438637,0.72366863489151,-1.8890827894210815,2.388965368270874
image_encoder.trunk.blocks.0.mlp.layers.0.weight,50176,-9.414300620846916e-06,0.04104858264327049,-0.7030191421508789,0.6014230251312256
image_encoder.trunk.blocks.0.mlp.layers.0.bias,448,-0.07220479100942612,0.3833155632019043,-1.4742815494537354,0.7971392273902893
image_encoder.trunk.blocks.0.mlp.layers.1.weight,50176,0.0001709208736428991,0.02897793799638748,-0.4081307649612427,0.282209575176239
image_encoder.trunk.blocks.0.mlp.layers.1.bias,112,-0.03333895280957222,0.2612243592739105,-1.6355091333389282,0.5676767230033875
image_encoder.trunk.blocks.1.norm1.weight,112,1.5717958211898804,0.35762274265289307,0.33650583028793335,2.0859017372131348
image_encoder.trunk.blocks.1.norm1.bias,112,-0.06671129912137985,0.3252153992652893,-1.0892550945281982,2.0274159908294678
image_encoder.trunk.blocks.1.attn.qkv.weight,37632,-9.204175876220688e-05,0.04888378828763962,-0.34708741307258606,0.30258411169052124
image_encoder.trunk.blocks.1.attn.qkv.bias,336,-0.021458664909005165,0.268625944852829,-1.2916182279586792,1.0622481107711792
image_encoder.trunk.blocks.1.attn.proj.weight,12544,-6.901992310304195e-05,0.029812147840857506,-0.2804228365421295,0.15193894505500793
image_encoder.trunk.blocks.1.attn.proj.bias,112,0.0011984823504462838,0.09939852356910706,-0.4168339967727661,0.22306452691555023
image_encoder.trunk.blocks.1.norm2.weight,112,2.712634563446045,0.6399914026260376,0.8661789298057556,3.7188327312469482
image_encoder.trunk.blocks.1.norm2.bias,112,-0.06670645624399185,0.281295508146286,-0.9296305775642395,0.6507354378700256
image_encoder.trunk.blocks.1.mlp.layers.0.weight,50176,-0.0009380112169310451,0.03556544706225395,-0.23991087079048157,0.2872689962387085
image_encoder.trunk.blocks.1.mlp.layers.0.bias,448,-0.29540619254112244,0.22496578097343445,-1.1221284866333008,0.682196319103241
image_encoder.trunk.blocks.1.mlp.layers.1.weight,50176,1.578953924763482e-05,0.03396150469779968,-0.29613935947418213,0.4079497456550598
image_encoder.trunk.blocks.1.mlp.layers.1.bias,112,-0.004616145044565201,0.12946948409080505,-0.681916356086731,0.28451648354530334
image_encoder.trunk.blocks.2.norm1.weight,112,1.423093557357788,0.5711387991905212,0.3273858428001404,4.286019802093506
image_encoder.trunk.blocks.2.norm1.bias,112,-0.10060961544513702,0.2719340920448303,-1.0464446544647217,2.266477346420288
image_encoder.trunk.blocks.2.attn.qkv.weight,75264,-0.00040626790723763406,0.050282079726457596,-0.3948605954647064,0.5143874287605286
image_encoder.trunk.blocks.2.attn.qkv.bias,672,-0.16875387728214264,0.31623008847236633,-2.1178150177001953,1.3006799221038818
image_encoder.trunk.blocks.2.attn.proj.weight,50176,8.908252493711188e-05,0.030828557908535004,-0.21793341636657715,0.21994951367378235
image_encoder.trunk.blocks.2.attn.proj.bias,224,-0.0888424962759018,0.2106301337480545,-1.1320760250091553,0.5018432140350342
image_encoder.trunk.blocks.2.norm2.weight,224,1.2611868381500244,0.26607754826545715,0.31897982954978943,1.871670126914978
image_encoder.trunk.blocks.2.norm2.bias,224,-0.07198773324489594,0.30124837160110474,-0.9251359701156616,1.559175729751587
image_encoder.trunk.blocks.2.mlp.layers.0.weight,200704,0.0004012822173535824,0.03352506831288338,-0.45515498518943787,0.6662040948867798
image_encoder.trunk.blocks.2.mlp.layers.0.bias,896,-0.36544737219810486,0.21796925365924835,-1.5416394472122192,0.16289807856082916
image_encoder.trunk.blocks.2.mlp.layers.1.weight,200704,-0.0004425218503456563,0.03009265847504139,-0.4469109773635864,0.5810869932174683
image_encoder.trunk.blocks.2.mlp.layers.1.bias,224,-0.09994546324014664,0.19298645853996277,-1.1229771375656128,0.32101383805274963
image_encoder.trunk.blocks.2.proj.weight,25088,-0.0009645528625696898,0.01862494833767414,-0.24024222791194916,0.25239869952201843
image_encoder.trunk.blocks.2.proj.bias,224,-0.07247941195964813,0.2851363718509674,-2.0149953365325928,0.5879113674163818
image_encoder.trunk.blocks.3.norm1.weight,224,0.9334389567375183,0.22194653749465942,0.07587212324142456,1.4316679239273071
image_encoder.trunk.blocks.3.norm1.bias,224,-0.029967844486236572,0.25251877307891846,-0.6851920485496521,1.724342942237854
image_encoder.trunk.blocks.3.attn.qkv.weight,150528,4.168355371803045e-05,0.039126209914684296,-0.2725926637649536,0.30283841490745544
image_encoder.trunk.blocks.3.attn.qkv.bias,672,0.0026412485167384148,0.16085967421531677,-0.8441175222396851,1.0259946584701538
image_encoder.trunk.blocks.3.attn.proj.weight,50176,0.00017305016808677465,0.028061790391802788,-0.13607843220233917,0.13585291802883148
image_encoder.trunk.blocks.3.attn.proj.bias,224,-0.07857545465230942,0.15438160300254822,-0.444816917181015,0.48652055859565735
image_encoder.trunk.blocks.3.norm2.weight,224,1.3423398733139038,0.23771928250789642,0.057342272251844406,1.7749829292297363
image_encoder.trunk.blocks.3.norm2.bias,224,0.03910209611058235,0.24432845413684845,-0.6761061549186707,1.0808428525924683
image_encoder.trunk.blocks.3.mlp.layers.0.weight,200704,-0.0014748487155884504,0.032386794686317444,-0.3636220097541809,0.35429713129997253
image_encoder.trunk.blocks.3.mlp.layers.0.bias,896,-0.3557506501674652,0.16367082297801971,-1.1157801151275635,0.07545086741447449
image_encoder.trunk.blocks.3.mlp.layers.1.weight,200704,-0.0005214475677348673,0.030196992680430412,-0.49551740288734436,0.5139811635017395
image_encoder.trunk.blocks.3.mlp.layers.1.bias,224,-0.07621429860591888,0.13624317944049835,-0.7340450882911682,0.23790407180786133
image_encoder.trunk.blocks.4.norm1.weight,224,1.0313632488250732,0.21950529515743256,0.1263478547334671,2.047274589538574
image_encoder.trunk.blocks.4.norm1.bias,224,-0.024319734424352646,0.23688173294067383,-0.48806026577949524,2.231144905090332
image_encoder.trunk.blocks.4.attn.qkv.weight,150528,0.00010359204316046089,0.03818235546350479,-0.31946009397506714,0.396768718957901
image_encoder.trunk.blocks.4.attn.qkv.bias,672,-0.014045316725969315,0.18550044298171997,-1.214727520942688,0.8967303037643433
image_encoder.trunk.blocks.4.attn.proj.weight,50176,3.0120849260129035e-05,0.027124518528580666,-0.12639367580413818,0.11550262570381165
image_encoder.trunk.blocks.4.attn.proj.bias,224,-0.07239304482936859,0.1351689100265503,-0.8290634751319885,0.4360697567462921
image_encoder.trunk.blocks.4.norm2.weight,224,1.3719580173492432,0.23287340998649597,0.06048295646905899,1.7487674951553345
image_encoder.trunk.blocks.4.norm2.bias,224,0.036331091076135635,0.21354252099990845,-0.4586685299873352,0.8403424024581909
image_encoder.trunk.blocks.4.mlp.layers.0.weight,200704,-0.0016687895404174924,0.03151538968086243,-0.44936832785606384,0.3248080909252167
image_encoder.trunk.blocks.4.mlp.layers.0.bias,896,-0.3288942873477936,0.17342910170555115,-1.2148756980895996,0.05347522348165512
image_encoder.trunk.blocks.4.mlp.layers.1.weight,200704,-0.00041453872108832,0.030658826231956482,-0.43287530541419983,0.42429742217063904
image_encoder.trunk.blocks.4.mlp.layers.1.bias,224,-0.06752826273441315,0.09662406891584396,-0.35942909121513367,0.17006836831569672
image_encoder.trunk.blocks.5.norm1.weight,224,0.7241891026496887,0.19010627269744873,0.2595744729042053,1.7359977960586548
image_encoder.trunk.blocks.5.norm1.bias,224,-0.01765429601073265,0.21586653590202332,-0.5527638792991638,2.508315324783325
image_encoder.trunk.blocks.5.attn.qkv.weight,301056,-0.00013317838602233678,0.038523927330970764,-0.34820666909217834,0.33352723717689514
image_encoder.trunk.blocks.5.attn.qkv.bias,1344,-0.13193529844284058,0.2761860191822052,-1.6298459768295288,1.8008443117141724
image_encoder.trunk.blocks.5.attn.proj.weight,200704,-3.273818947491236e-05,0.028653252869844437,-0.35037046670913696,0.48379433155059814
image_encoder.trunk.blocks.5.attn.proj.bias,448,-0.005953336600214243,0.30029645562171936,-3.9991366863250732,0.5038754343986511
image_encoder.trunk.blocks.5.norm2.weight,448,0.8323884606361389,0.2890903353691101,-0.10671154409646988,1.5131027698516846
image_encoder.trunk.blocks.5.norm2.bias,448,-0.01337873749434948,0.2271002233028412,-0.7286342978477478,0.6119216680526733
image_encoder.trunk.blocks.5.mlp.layers.0.weight,802816,-0.0002883122069761157,0.03111409768462181,-0.38604745268821716,0.3647943139076233
image_encoder.trunk.blocks.5.mlp.layers.0.bias,1792,-0.4332432746887207,0.2525312900543213,-1.088944435119629,0.059247519820928574
image_encoder.trunk.blocks.5.mlp.layers.1.weight,802816,3.505754648358561e-05,0.025406284257769585,-0.6603915095329285,0.7249313592910767
image_encoder.trunk.blocks.5.mlp.layers.1.bias,448,-0.0018643917283043265,0.23870781064033508,-2.6241931915283203,0.6414380073547363
image_encoder.trunk.blocks.5.proj.weight,100352,-0.0002296919556101784,0.016235167160630226,-0.39133358001708984,0.4038805067539215
image_encoder.trunk.blocks.5.proj.bias,448,-0.012434476986527443,0.4548403322696686,-5.5589518547058105,1.0231647491455078
image_encoder.trunk.blocks.6.norm1.weight,448,0.6006922125816345,0.19663788378238678,-0.17030853033065796,1.1223963499069214
image_encoder.trunk.blocks.6.norm1.bias,448,-0.0014999887207522988,0.18003620207309723,-0.5610602498054504,1.6073668003082275
image_encoder.trunk.blocks.6.attn.qkv.weight,602112,-2.4966118871816434e-05,0.03379145637154579,-0.3865167796611786,0.29367631673812866
image_encoder.trunk.blocks.6.attn.qkv.bias,1344,-0.01480213925242424,0.3448193371295929,-2.6743547916412354,2.384882688522339
image_encoder.trunk.blocks.6.attn.proj.weight,200704,3.581241969641269e-07,0.024339037016034126,-0.2771517336368561,0.24977068603038788
image_encoder.trunk.blocks.6.attn.proj.bias,448,-0.0006455215043388307,0.24915817379951477,-1.793861746788025,0.8668588399887085
image_encoder.trunk.blocks.6.norm2.weight,448,0.8631478548049927,0.14769186079502106,0.2082953155040741,1.5566900968551636
image_encoder.trunk.blocks.6.norm2.bias,448,0.08381737023591995,0.253947913646698,-0.7100368738174438,2.617128849029541
image_encoder.trunk.blocks.6.mlp.layers.0.weight,802816,-0.0020586589816957712,0.028869474306702614,-0.36529025435447693,0.3361824154853821
image_encoder.trunk.blocks.6.mlp.layers.0.bias,1792,-0.34279200434684753,0.1777830719947815,-0.9236231446266174,0.10326457023620605
image_encoder.trunk.blocks.6.mlp.layers.1.weight,802816,6.537637091241777e-05,0.02389565296471119,-0.7253562808036804,0.6422739624977112
image_encoder.trunk.blocks.6.mlp.layers.1.bias,448,-0.0006423576851375401,0.1894955039024353,-1.8836989402770996,0.39108705520629883
image_encoder.trunk.blocks.7.norm1.weight,448,0.7430132627487183,0.21279840171337128,0.003503563581034541,1.4598132371902466
image_encoder.trunk.blocks.7.norm1.bias,448,-0.0013762898743152618,0.16775061190128326,-0.513849139213562,1.329508900642395
image_encoder.trunk.blocks.7.attn.qkv.weight,602112,1.2798017451132182e-05,0.032410215586423874,-0.3586200773715973,0.3175221383571625
image_encoder.trunk.blocks.7.attn.qkv.bias,1344,-0.007541877683252096,0.27708935737609863,-1.9800139665603638,1.8536057472229004
image_encoder.trunk.blocks.7.attn.proj.weight,200704,-2.8652536911977222e-06,0.022931935265660286,-0.20828308165073395,0.16429981589317322
image_encoder.trunk.blocks.7.attn.proj.bias,448,-0.002651645103469491,0.16506384313106537,-1.463361382484436,0.49407505989074707
image_encoder.trunk.blocks.7.norm2.weight,448,0.8948035836219788,0.13200068473815918,0.2442437708377838,1.3339204788208008
image_encoder.trunk.blocks.7.norm2.bias,448,0.06646224111318588,0.22922100126743317,-1.0324046611785889,1.8502159118652344
image_encoder.trunk.blocks.7.mlp.layers.0.weight,802816,-0.0015919605502858758,0.027629408985376358,-0.2913619577884674,0.30456674098968506
image_encoder.trunk.blocks.7.mlp.layers.0.bias,1792,-0.3131871819496155,0.14113131165504456,-0.8724921941757202,0.016188576817512512
image_encoder.trunk.blocks.7.mlp.layers.1.weight,802816,4.419463948579505e-05,0.023104259744286537,-0.5150032639503479,0.5412535071372986
image_encoder.trunk.blocks.7.mlp.layers.1.bias,448,-0.0017091950867325068,0.17808708548545837,-1.9655489921569824,0.5725052952766418
image_encoder.trunk.blocks.8.norm1.weight,448,0.8840222954750061,0.1744581013917923,0.2624374330043793,1.463374376296997
image_encoder.trunk.blocks.8.norm1.bias,448,-0.0043226429261267185,0.1823536455631256,-0.7281972765922546,1.3075064420700073
image_encoder.trunk.blocks.8.attn.qkv.weight,602112,2.136976263500401e-06,0.03133273497223854,-0.28390800952911377,0.33504748344421387
image_encoder.trunk.blocks.8.attn.qkv.bias,1344,-0.001225526793859899,0.22258692979812622,-1.8463295698165894,2.549143075942993
image_encoder.trunk.blocks.8.attn.proj.weight,200704,1.8118809748557396e-05,0.02140156924724579,-0.14867639541625977,0.1822708398103714
image_encoder.trunk.blocks.8.attn.proj.bias,448,-0.004422977101057768,0.1834297776222229,-1.934794545173645,0.3766939342021942
image_encoder.trunk.blocks.8.norm2.weight,448,0.9671839475631714,0.13617844879627228,0.21456001698970795,1.3284673690795898
image_encoder.trunk.blocks.8.norm2.bias,448,0.06071624159812927,0.2415006011724472,-1.0196505784988403,1.959568738937378
image_encoder.trunk.blocks.8.mlp.layers.0.weight,802816,-0.0014969746116548777,0.026619156822562218,-0.2428189069032669,0.31121084094047546
image_encoder.trunk.blocks.8.mlp.layers.0.bias,1792,-0.2796908915042877,0.13037653267383575,-0.8296031355857849,0.05816126614809036
image_encoder.trunk.blocks.8.mlp.layers.1.weight,802816,2.5542536604916677e-05,0.02282450906932354,-0.4813034236431122,0.40650349855422974
image_encoder.trunk.blocks.8.mlp.layers.1.bias,448,-0.0020445489790290594,0.165135458111763,-1.9343342781066895,0.4933951199054718
image_encoder.trunk.blocks.9.norm1.weight,448,0.9757150411605835,0.19300827383995056,0.2990923225879669,1.4053431749343872
image_encoder.trunk.blocks.9.norm1.bias,448,-0.0059432461857795715,0.18666616082191467,-1.1267797946929932,1.5191068649291992
image_encoder.trunk.blocks.9.attn.qkv.weight,602112,-2.9417955374810845e-05,0.02868373692035675,-0.2320006638765335,0.20379459857940674
image_encoder.trunk.blocks.9.attn.qkv.bias,1344,-0.0039990744553506374,0.23511436581611633,-2.0748393535614014,2.5571048259735107
image_encoder.trunk.blocks.9.attn.proj.weight,200704,3.7099060136824846e-05,0.021443715319037437,-0.15892629325389862,0.1858447790145874
image_encoder.trunk.blocks.9.attn.proj.bias,448,-0.0030871958006173372,0.15742826461791992,-1.5126984119415283,0.440017431974411
image_encoder.trunk.blocks.9.norm2.weight,448,1.0241745710372925,0.1471068263053894,0.22381339967250824,1.409415364265442
image_encoder.trunk.blocks.9.norm2.bias,448,0.059679802507162094,0.24991467595100403,-1.056862235069275,1.9892947673797607
image_encoder.trunk.blocks.9.mlp.layers.0.weight,802816,-0.00141898135188967,0.025636430829763412,-0.23827800154685974,0.2750786244869232
image_encoder.trunk.blocks.9.mlp.layers.0.bias,1792,-0.2462630271911621,0.12389503419399261,-1.0314782857894897,0.10093003511428833
image_encoder.trunk.blocks.9.mlp.layers.1.weight,802816,1.8973651094711386e-05,0.02188005857169628,-0.5408880114555359,0.3109213709831238
image_encoder.trunk.blocks.9.mlp.layers.1.bias,448,-0.0015654441667720675,0.14421837031841278,-1.5001691579818726,0.4739876091480255
image_encoder.trunk.blocks.10.norm1.weight,448,1.0096356868743896,0.1756628453731537,0.33501914143562317,1.40695321559906
image_encoder.trunk.blocks.10.norm1.bias,448,-0.006046693306416273,0.19086091220378876,-1.1310782432556152,1.70476496219635
image_encoder.trunk.blocks.10.attn.qkv.weight,602112,2.064227192022372e-05,0.028292952105402946,-0.2292395979166031,0.2719637155532837
image_encoder.trunk.blocks.10.attn.qkv.bias,1344,-0.0034332009963691235,0.21117988228797913,-1.9256443977355957,1.689962387084961
image_encoder.trunk.blocks.10.attn.proj.weight,200704,-5.889883595955325e-06,0.020194856449961662,-0.1736750304698944,0.16902482509613037
image_encoder.trunk.blocks.10.attn.proj.bias,448,-0.002699068048968911,0.13123919069766998,-1.3681937456130981,0.29472479224205017
image_encoder.trunk.blocks.10.norm2.weight,448,1.0556446313858032,0.1418621987104416,0.2585296332836151,1.4120168685913086
image_encoder.trunk.blocks.10.norm2.bias,448,0.06339108943939209,0.24235300719738007,-0.9172734618186951,2.090372085571289
image_encoder.trunk.blocks.10.mlp.layers.0.weight,802816,-0.0014219292206689715,0.024816855788230896,-0.2167232632637024,0.28170299530029297
image_encoder.trunk.blocks.10.mlp.layers.0.bias,1792,-0.23706459999084473,0.12232233583927155,-0.9427779316902161,0.05228453874588013
image_encoder.trunk.blocks.10.mlp.layers.1.weight,802816,9.656727343099192e-06,0.0214941818267107,-0.8388139009475708,0.4972139894962311
image_encoder.trunk.blocks.10.mlp.layers.1.bias,448,-0.0027837094385176897,0.13179706037044525,-1.4294078350067139,0.4538130760192871
image_encoder.trunk.blocks.11.norm1.weight,448,0.9909038543701172,0.14977584779262543,0.4151207208633423,1.4209591150283813
image_encoder.trunk.blocks.11.norm1.bias,448,-0.009486159309744835,0.19393521547317505,-1.2085816860198975,1.7253164052963257
image_encoder.trunk.blocks.11.attn.qkv.weight,602112,-7.4468939601501916e-06,0.02928411215543747,-0.28330716490745544,0.2788642346858978
image_encoder.trunk.blocks.11.attn.qkv.bias,1344,0.006549589801579714,0.23977163434028625,-1.7477041482925415,2.141623020172119
image_encoder.trunk.blocks.11.attn.proj.weight,200704,-1.585258542036172e-05,0.01899837888777256,-0.21798162162303925,0.2016458362340927
image_encoder.trunk.blocks.11.attn.proj.bias,448,-0.0032812070567160845,0.1423429250717163,-1.645264744758606,0.3421575129032135
image_encoder.trunk.blocks.11.norm2.weight,448,1.0974805355072021,0.15113860368728638,0.30210036039352417,1.5253674983978271
image_encoder.trunk.blocks.11.norm2.bias,448,0.04421082139015198,0.24468055367469788,-0.8421681523323059,2.163241147994995
image_encoder.trunk.blocks.11.mlp.layers.0.weight,802816,-0.0009467829368077219,0.02411973662674427,-0.2716560661792755,0.3130592703819275
image_encoder.trunk.blocks.11.mlp.layers.0.bias,1792,-0.22043998539447784,0.11605027318000793,-0.9405731558799744,0.061243075877428055
image_encoder.trunk.blocks.11.mlp.layers.1.weight,802816,5.23270102803508e-07,0.0204316396266222,-0.7300983667373657,0.3873650133609772
image_encoder.trunk.blocks.11.mlp.layers.1.bias,448,-0.0014988258481025696,0.11504799872636795,-1.1654207706451416,0.32260939478874207
image_encoder.trunk.blocks.12.norm1.weight,448,1.1961930990219116,0.1480809897184372,0.36672908067703247,1.55868661403656
image_encoder.trunk.blocks.12.norm1.bias,448,-0.012192637659609318,0.20120547711849213,-1.3664872646331787,1.9543572664260864
image_encoder.trunk.blocks.12.attn.qkv.weight,602112,2.3180262360256165e-05,0.02837466634809971,-0.24254079163074493,0.2315455675125122
image_encoder.trunk.blocks.12.attn.qkv.bias,1344,0.009509099647402763,0.19999545812606812,-1.080062985420227,1.5967488288879395
image_encoder.trunk.blocks.12.attn.proj.weight,200704,-3.2260675197903765e-06,0.022247254848480225,-0.19052660465240479,0.16934546828269958
image_encoder.trunk.blocks.12.attn.proj.bias,448,-0.0027742914389818907,0.12702369689941406,-1.5229402780532837,0.38011565804481506
image_encoder.trunk.blocks.12.norm2.weight,448,1.138681173324585,0.16846618056297302,0.34855636954307556,1.6751103401184082
image_encoder.trunk.blocks.12.norm2.bias,448,0.03717517852783203,0.25249984860420227,-0.8977789878845215,2.4300293922424316
image_encoder.trunk.blocks.12.mlp.layers.0.weight,802816,-0.000751850544475019,0.023490333929657936,-0.36182257533073425,0.41173502802848816
image_encoder.trunk.blocks.12.mlp.layers.0.bias,1792,-0.201090469956398,0.11155757308006287,-0.7122511267662048,0.20427726209163666
image_encoder.trunk.blocks.12.mlp.layers.1.weight,802816,3.718353764270432e-05,0.020196406170725822,-0.661684513092041,0.20960786938667297
image_encoder.trunk.blocks.12.mlp.layers.1.bias,448,-0.00026645619072951376,0.10370385646820068,-0.9829939603805542,0.3004598319530487
image_encoder.trunk.blocks.13.norm1.weight,448,1.1323221921920776,0.19309216737747192,0.44333186745643616,1.6992900371551514
image_encoder.trunk.blocks.13.norm1.bias,448,-0.010153576731681824,0.1969384253025055,-1.5756006240844727,1.9060477018356323
image_encoder.trunk.blocks.13.attn.qkv.weight,602112,-6.308960564638255e-06,0.02545667625963688,-0.2755676209926605,0.25016558170318604
image_encoder.trunk.blocks.13.attn.qkv.bias,1344,0.0035927738063037395,0.22930516302585602,-1.7692404985427856,1.9125231504440308
image_encoder.trunk.blocks.13.attn.proj.weight,200704,-4.166960025031585e-06,0.018581418320536613,-0.15893448889255524,0.20672355592250824
image_encoder.trunk.blocks.13.attn.proj.bias,448,-0.0019544572569429874,0.11272212862968445,-1.4656527042388916,0.2774510979652405
image_encoder.trunk.blocks.13.norm2.weight,448,1.2409250736236572,0.18827316164970398,0.36164072155952454,1.8425588607788086
image_encoder.trunk.blocks.13.norm2.bias,448,0.0403030700981617,0.2790139615535736,-0.8811089396476746,2.6354637145996094
image_encoder.trunk.blocks.13.mlp.layers.0.weight,802816,-0.0006812825449742377,0.02315545082092285,-0.2577904760837555,0.28855499625205994
image_encoder.trunk.blocks.13.mlp.layers.0.bias,1792,-0.1809830367565155,0.10981157422065735,-0.6581815481185913,0.30506977438926697
image_encoder.trunk.blocks.13.mlp.layers.1.weight,802816,4.842246926273219e-05,0.0204771775752306,-0.5882158875465393,0.3786263167858124
image_encoder.trunk.blocks.13.mlp.layers.1.bias,448,-0.0005861999816261232,0.094302698969841,-0.8007082343101501,0.27032727003097534
image_encoder.trunk.blocks.14.norm1.weight,448,1.1661051511764526,0.19423562288284302,0.34374842047691345,1.8302968740463257
image_encoder.trunk.blocks.14.norm1.bias,448,-0.019033590331673622,0.17589375376701355,-1.2496521472930908,1.9200280904769897
image_encoder.trunk.blocks.14.attn.qkv.weight,602112,-1.440302366972901e-05,0.025424525141716003,-0.21091200411319733,0.22260871529579163
image_encoder.trunk.blocks.14.attn.qkv.bias,1344,-0.0054564764723181725,0.21128882467746735,-1.9531511068344116,1.7610493898391724
image_encoder.trunk.blocks.14.attn.proj.weight,200704,1.938406057888642e-05,0.017959818243980408,-0.16080152988433838,0.16306085884571075
image_encoder.trunk.blocks.14.attn.proj.bias,448,-0.002259219763800502,0.1118118017911911,-1.5835766792297363,0.3157324194908142
image_encoder.trunk.blocks.14.norm2.weight,448,1.2701083421707153,0.21178188920021057,0.32927626371383667,1.887663722038269
image_encoder.trunk.blocks.14.norm2.bias,448,0.03416558727622032,0.26913490891456604,-0.8218730092048645,2.6704623699188232
image_encoder.trunk.blocks.14.mlp.layers.0.weight,802816,-0.0006047855131328106,0.02266119420528412,-0.23851366341114044,0.2568388879299164
image_encoder.trunk.blocks.14.mlp.layers.0.bias,1792,-0.17177079617977142,0.10259565711021423,-0.6032190918922424,0.3476353585720062
image_encoder.trunk.blocks.14.mlp.layers.1.weight,802816,4.627395173883997e-05,0.01962330937385559,-0.44563964009284973,0.24747975170612335
image_encoder.trunk.blocks.14.mlp.layers.1.bias,448,-0.0007973164319992065,0.08467265218496323,-0.6245052218437195,0.4353867173194885
image_encoder.trunk.blocks.15.norm1.weight,448,1.2138921022415161,0.21034276485443115,0.3128792941570282,1.9478459358215332
image_encoder.trunk.blocks.15.norm1.bias,448,-0.01885024644434452,0.1790580451488495,-1.3743222951889038,1.87833571434021
image_encoder.trunk.blocks.15.attn.qkv.weight,602112,1.5184806215984281e-05,0.02574201114475727,-0.23791122436523438,0.23212099075317383
image_encoder.trunk.blocks.15.attn.qkv.bias,1344,0.011254657059907913,0.20738868415355682,-1.2239302396774292,1.4841876029968262
image_encoder.trunk.blocks.15.attn.proj.weight,200704,-3.705742346937768e-05,0.017513368278741837,-0.13489995896816254,0.15071797370910645
image_encoder.trunk.blocks.15.attn.proj.bias,448,-0.0027058105915784836,0.0967366099357605,-1.3852555751800537,0.28153514862060547
image_encoder.trunk.blocks.15.norm2.weight,448,1.3162561655044556,0.21988244354724884,0.30223819613456726,2.0001862049102783
image_encoder.trunk.blocks.15.norm2.bias,448,0.02474113181233406,0.2834111154079437,-0.7824275493621826,2.7507572174072266
image_encoder.trunk.blocks.15.mlp.layers.0.weight,802816,-0.0004381267644930631,0.02231840044260025,-0.2310597449541092,0.2875097990036011
image_encoder.trunk.blocks.15.mlp.layers.0.bias,1792,-0.15609054267406464,0.0915520191192627,-0.48535266518592834,0.3949476480484009
image_encoder.trunk.blocks.15.mlp.layers.1.weight,802816,6.041127926437184e-05,0.019369177520275116,-0.3396974205970764,0.24956271052360535
image_encoder.trunk.blocks.15.mlp.layers.1.bias,448,-0.0004753571411129087,0.06888357549905777,-0.4065898358821869,0.4101395308971405
image_encoder.trunk.blocks.16.norm1.weight,448,1.3276203870773315,0.1888708472251892,0.25983935594558716,1.9827423095703125
image_encoder.trunk.blocks.16.norm1.bias,448,-0.022970331832766533,0.1824321746826172,-1.405100703239441,2.0052623748779297
image_encoder.trunk.blocks.16.attn.qkv.weight,602112,6.803128599131014e-06,0.0256189052015543,-0.18191272020339966,0.2015300840139389
image_encoder.trunk.blocks.16.attn.qkv.bias,1344,-0.011205204762518406,0.18065254390239716,-1.401057243347168,1.061628818511963
image_encoder.trunk.blocks.16.attn.proj.weight,200704,-2.7116426281281747e-05,0.02071572281420231,-0.18563829362392426,0.23067353665828705
image_encoder.trunk.blocks.16.attn.proj.bias,448,-0.0035813648719340563,0.09591622650623322,-1.3553180694580078,0.24535536766052246
image_encoder.trunk.blocks.16.norm2.weight,448,1.293570876121521,0.1947232335805893,0.3197377026081085,1.9519133567810059
image_encoder.trunk.blocks.16.norm2.bias,448,0.03168371319770813,0.2788487374782562,-0.6720631122589111,2.9008264541625977
image_encoder.trunk.blocks.16.mlp.layers.0.weight,802816,-0.0005896429647691548,0.022029131650924683,-0.26868879795074463,0.24139580130577087
image_encoder.trunk.blocks.16.mlp.layers.0.bias,1792,-0.1456768661737442,0.08405064046382904,-0.4967961609363556,0.32474467158317566
image_encoder.trunk.blocks.16.mlp.layers.1.weight,802816,6.787759048165753e-05,0.01946565881371498,-0.31633737683296204,0.17300669848918915
image_encoder.trunk.blocks.16.mlp.layers.1.bias,448,-0.0002863647823687643,0.057064205408096313,-0.19096381962299347,0.4621480107307434
image_encoder.trunk.blocks.17.norm1.weight,448,1.2322461605072021,0.19383461773395538,0.3225362002849579,2.1671154499053955
image_encoder.trunk.blocks.17.norm1.bias,448,-0.022581953555345535,0.2027686983346939,-1.5247561931610107,2.298156261444092
image_encoder.trunk.blocks.17.attn.qkv.weight,602112,1.0242090866086073e-05,0.025688307359814644,-0.2619297206401825,0.24728502333164215
image_encoder.trunk.blocks.17.attn.qkv.bias,1344,0.0020895928610116243,0.17974911630153656,-1.3290560245513916,0.9969565868377686
image_encoder.trunk.blocks.17.attn.proj.weight,200704,1.0941080290649552e-05,0.01718938536942005,-0.14552170038223267,0.1488671451807022
image_encoder.trunk.blocks.17.attn.proj.bias,448,-0.003167067188769579,0.08513935655355453,-1.2559351921081543,0.22596994042396545
image_encoder.trunk.blocks.17.norm2.weight,448,1.3153574466705322,0.1897144317626953,0.2992402911186218,1.9864012002944946
image_encoder.trunk.blocks.17.norm2.bias,448,0.025001924484968185,0.2825726866722107,-0.8986250758171082,2.8053390979766846
image_encoder.trunk.blocks.17.mlp.layers.0.weight,802816,-0.000569328956771642,0.022015618160367012,-0.1635945737361908,0.20154361426830292
image_encoder.trunk.blocks.17.mlp.layers.0.bias,1792,-0.12986943125724792,0.07141656428575516,-0.40543949604034424,0.284905344247818
image_encoder.trunk.blocks.17.mlp.layers.1.weight,802816,0.00010429845133330673,0.019289530813694,-0.2232377976179123,0.1428343653678894
image_encoder.trunk.blocks.17.mlp.layers.1.bias,448,-0.00037098623579367995,0.052536871284246445,-0.22668135166168213,0.43030068278312683
image_encoder.trunk.blocks.18.norm1.weight,448,1.2541080713272095,0.20770348608493805,0.36439353227615356,2.29868745803833
image_encoder.trunk.blocks.18.norm1.bias,448,-0.026179613545536995,0.21603640913963318,-1.8457355499267578,2.2330541610717773
image_encoder.trunk.blocks.18.attn.qkv.weight,602112,2.133344969479367e-05,0.025256719440221786,-0.21437294781208038,0.2632416784763336
image_encoder.trunk.blocks.18.attn.qkv.bias,1344,-0.005762464366853237,0.16943857073783875,-0.9753074645996094,0.9340236783027649
image_encoder.trunk.blocks.18.attn.proj.weight,200704,2.9879041903768666e-05,0.017054172232747078,-0.11392389237880707,0.12586653232574463
image_encoder.trunk.blocks.18.attn.proj.bias,448,-0.003472221316769719,0.0745982676744461,-1.1475976705551147,0.1810854822397232
image_encoder.trunk.blocks.18.norm2.weight,448,1.3366830348968506,0.1859315037727356,0.3286955952644348,2.0166330337524414
image_encoder.trunk.blocks.18.norm2.bias,448,0.01757139153778553,0.2947145104408264,-1.2105258703231812,2.7659034729003906
image_encoder.trunk.blocks.18.mlp.layers.0.weight,802816,-0.000512639177031815,0.02227441407740116,-0.1795763522386551,0.18214571475982666
image_encoder.trunk.blocks.18.mlp.layers.0.bias,1792,-0.11382569372653961,0.06483881920576096,-0.3612476587295532,0.3958331346511841
image_encoder.trunk.blocks.18.mlp.layers.1.weight,802816,0.0001482783118262887,0.019303571432828903,-0.16456200182437897,0.11638984084129333
image_encoder.trunk.blocks.18.mlp.layers.1.bias,448,-0.0005923769203945994,0.04396907240152359,-0.21445497870445251,0.3245446979999542
image_encoder.trunk.blocks.19.norm1.weight,448,1.244556188583374,0.19322732090950012,0.32852768898010254,2.4990100860595703
image_encoder.trunk.blocks.19.norm1.bias,448,-0.02506602182984352,0.23634159564971924,-1.9961047172546387,2.4948325157165527
image_encoder.trunk.blocks.19.attn.qkv.weight,602112,9.698219400888775e-07,0.0252931360155344,-0.1930590122938156,0.2222111076116562
image_encoder.trunk.blocks.19.attn.qkv.bias,1344,-0.005688414443284273,0.16529065370559692,-1.2914565801620483,0.7985852956771851
image_encoder.trunk.blocks.19.attn.proj.weight,200704,2.5723405997268856e-05,0.016936833038926125,-0.17440985143184662,0.1548958569765091
image_encoder.trunk.blocks.19.attn.proj.bias,448,-0.004038214683532715,0.06529993563890457,-1.0259299278259277,0.16348759829998016
image_encoder.trunk.blocks.19.norm2.weight,448,1.2734841108322144,0.15933091938495636,0.3692242205142975,1.8513128757476807
image_encoder.trunk.blocks.19.norm2.bias,448,0.02958277240395546,0.27978187799453735,-1.3649362325668335,2.812410831451416
image_encoder.trunk.blocks.19.mlp.layers.0.weight,802816,-0.0009357283706776798,0.022523488849401474,-0.2088681012392044,0.2246999591588974
image_encoder.trunk.blocks.19.mlp.layers.0.bias,1792,-0.10169728100299835,0.05810389667749405,-0.30498793721199036,0.620451033115387
image_encoder.trunk.blocks.19.mlp.layers.1.weight,802816,0.0002720830379985273,0.01849675364792347,-0.24239258468151093,0.3112878203392029
image_encoder.trunk.blocks.19.mlp.layers.1.bias,448,-0.0016861464828252792,0.03993644192814827,-0.323543518781662,0.2368917316198349
image_encoder.trunk.blocks.20.norm1.weight,448,1.1834369897842407,0.1441691666841507,0.13377541303634644,1.6478941440582275
image_encoder.trunk.blocks.20.norm1.bias,448,-0.020096881315112114,0.23903611302375793,-2.3691327571868896,2.7562904357910156
image_encoder.trunk.blocks.20.attn.qkv.weight,602112,-3.884988927893573e-06,0.023773275315761566,-0.19596229493618011,0.2317422330379486
image_encoder.trunk.blocks.20.attn.qkv.bias,1344,-0.0012695301556959748,0.16722218692302704,-0.907485842704773,0.8393880724906921
image_encoder.trunk.blocks.20.attn.proj.weight,200704,2.151883927581366e-05,0.018193358555436134,-0.2696569263935089,0.25060009956359863
image_encoder.trunk.blocks.20.attn.proj.bias,448,-0.0014467372093349695,0.04415270686149597,-0.6773484945297241,0.10800453275442123
image_encoder.trunk.blocks.20.norm2.weight,448,1.2051702737808228,0.14623697102069855,0.32228371500968933,1.7658741474151611
image_encoder.trunk.blocks.20.norm2.bias,448,0.007755201309919357,0.27188345789909363,-1.2951290607452393,3.0078113079071045
image_encoder.trunk.blocks.20.mlp.layers.0.weight,802816,-0.0009261338273063302,0.02406756579875946,-0.22697018086910248,0.23453302681446075
image_encoder.trunk.blocks.20.mlp.layers.0.bias,1792,-0.10047078132629395,0.06152765452861786,-0.32262781262397766,0.48027947545051575
image_encoder.trunk.blocks.20.mlp.layers.1.weight,802816,0.0005711007979698479,0.017528532072901726,-0.27803662419319153,0.1986488401889801
image_encoder.trunk.blocks.20.mlp.layers.1.bias,448,-0.0021304390393197536,0.03736361861228943,-0.5355924963951111,0.14591288566589355
image_encoder.trunk.blocks.21.norm1.weight,448,0.42521366477012634,0.13346509635448456,0.1525081992149353,1.5099759101867676
image_encoder.trunk.blocks.21.norm1.bias,448,-0.020361248403787613,0.1275138556957245,-1.281968593597412,1.5816295146942139
image_encoder.trunk.blocks.21.attn.qkv.weight,1204224,0.00012818200048059225,0.02242864854633808,-0.26529809832572937,0.31471526622772217
image_encoder.trunk.blocks.21.attn.qkv.bias,2688,-0.017346255481243134,0.1618257313966751,-0.879313051700592,0.9071228504180908
image_encoder.trunk.blocks.21.attn.proj.weight,802816,8.90948470555486e-09,0.011594785377383232,-0.15282121300697327,0.15145248174667358
image_encoder.trunk.blocks.21.attn.proj.bias,896,-0.005409820470958948,0.03349378705024719,-0.14245685935020447,0.5359663367271423
image_encoder.trunk.blocks.21.norm2.weight,896,0.6155874133110046,0.13655313849449158,-0.03942037373781204,1.0616631507873535
image_encoder.trunk.blocks.21.norm2.bias,896,0.02629418484866619,0.28483226895332336,-2.3964896202087402,1.832269310951233
image_encoder.trunk.blocks.21.mlp.layers.0.weight,3211264,-0.00022597596398554742,0.01505106221884489,-0.18545107543468475,0.17792175710201263
image_encoder.trunk.blocks.21.mlp.layers.0.bias,3584,-0.08768634498119354,0.021060245111584663,-0.1474376767873764,-0.00035445147659629583
image_encoder.trunk.blocks.21.mlp.layers.1.weight,3211264,8.995660755317658e-05,0.011876704171299934,-0.15659412741661072,0.2569001615047455
image_encoder.trunk.blocks.21.mlp.layers.1.bias,896,-0.0038767457008361816,0.02023717574775219,-0.09316081553697586,0.22788332402706146
image_encoder.trunk.blocks.21.proj.weight,401408,0.00018223014194518328,0.011128506623208523,-0.11538854241371155,0.11407922953367233
image_encoder.trunk.blocks.21.proj.bias,896,-0.009105207398533821,0.0838545486330986,-0.37851035594940186,1.5237096548080444
image_encoder.trunk.blocks.22.norm1.weight,896,0.10534854233264923,0.12275200337171555,-0.0017360823694616556,1.4501224756240845
image_encoder.trunk.blocks.22.norm1.bias,896,0.0026696561835706234,0.1314285546541214,-1.7939558029174805,1.4561069011688232
image_encoder.trunk.blocks.22.attn.qkv.weight,2408448,-1.1858176549139898e-05,0.015053088776767254,-0.234641432762146,0.21847248077392578
image_encoder.trunk.blocks.22.attn.qkv.bias,2688,-0.003805785672739148,0.21484526991844177,-0.9226270318031311,0.832327663898468
image_encoder.trunk.blocks.22.attn.proj.weight,802816,2.943295839941129e-05,0.010360278189182281,-0.16395987570285797,0.12924739718437195
image_encoder.trunk.blocks.22.attn.proj.bias,896,-0.006015260703861713,0.022143064066767693,-0.10141696780920029,0.31025248765945435
image_encoder.trunk.blocks.22.norm2.weight,896,0.5971070528030396,0.14213262498378754,-0.07660245150327682,1.1313910484313965
image_encoder.trunk.blocks.22.norm2.bias,896,0.005956735927611589,0.2917053699493408,-2.7641167640686035,2.238802671432495
image_encoder.trunk.blocks.22.mlp.layers.0.weight,3211264,0.0002873915364034474,0.014312590472400188,-0.14562265574932098,0.14269201457500458
image_encoder.trunk.blocks.22.mlp.layers.0.bias,3584,-0.08839112520217896,0.017482815310359,-0.13909591734409332,0.004554581828415394
image_encoder.trunk.blocks.22.mlp.layers.1.weight,3211264,6.229507562238723e-05,0.010794143192470074,-0.14243796467781067,0.14818266034126282
image_encoder.trunk.blocks.22.mlp.layers.1.bias,896,-0.003985195886343718,0.01757216639816761,-0.07694655656814575,0.22749735414981842
image_encoder.trunk.blocks.23.norm1.weight,896,0.09940683096647263,0.11647432297468185,-0.005816591437906027,1.2579206228256226
image_encoder.trunk.blocks.23.norm1.bias,896,0.0013200197136029601,0.13695630431175232,-1.919173002243042,1.7905880212783813
image_encoder.trunk.blocks.23.attn.qkv.weight,2408448,1.3831237993144896e-05,0.0142469871789217,-0.2489316761493683,0.21248789131641388
image_encoder.trunk.blocks.23.attn.qkv.bias,2688,0.002743073273450136,0.20782414078712463,-0.8262492418289185,0.9107062816619873
image_encoder.trunk.blocks.23.attn.proj.weight,802816,4.5901570047135465e-06,0.009919006377458572,-0.2511294186115265,0.3243391811847687
image_encoder.trunk.blocks.23.attn.proj.bias,896,-0.0056937322951853275,0.020636677742004395,-0.19516398012638092,0.1108420267701149
image_encoder.trunk.blocks.23.norm2.weight,896,0.5457366108894348,0.13934047520160675,-0.0801059827208519,1.1471506357192993
image_encoder.trunk.blocks.23.norm2.bias,896,0.0024155641440302134,0.29780951142311096,-2.3047351837158203,1.2805383205413818
image_encoder.trunk.blocks.23.mlp.layers.0.weight,3211264,0.00023277140280697495,0.014759067445993423,-0.15789560973644257,0.1479819416999817
image_encoder.trunk.blocks.23.mlp.layers.0.bias,3584,-0.10501428693532944,0.02123485691845417,-0.15551213920116425,0.0038501471281051636
image_encoder.trunk.blocks.23.mlp.layers.1.weight,3211264,-9.682335803518072e-05,0.010450026951730251,-0.14238201081752777,0.1503874659538269
image_encoder.trunk.blocks.23.mlp.layers.1.bias,896,-0.0022815221454948187,0.015357576310634613,-0.08475728332996368,0.060072291642427444
image_encoder.neck.convs.0.conv.weight,229376,-3.761416519409977e-05,0.00889645703136921,-0.07951308786869049,0.07763047516345978
image_encoder.neck.convs.0.conv.bias,256,0.0019091666908934712,0.03785175085067749,-0.06873579323291779,0.22272053360939026
image_encoder.neck.convs.1.conv.weight,114688,-4.693168193625752e-06,0.01591287925839424,-0.09712682664394379,0.11259622126817703
image_encoder.neck.convs.1.conv.bias,256,0.0007345739286392927,0.041595496237277985,-0.0987912192940712,0.21647150814533234
image_encoder.neck.convs.2.conv.weight,57344,-0.00012713510659523308,0.024907847866415977,-0.15825623273849487,0.15073540806770325
image_encoder.neck.convs.2.conv.bias,256,0.0008289208053611219,0.03472759574651718,-0.08388479053974152,0.09276020526885986
image_encoder.neck.convs.3.conv.weight,28672,4.990859451936558e-05,0.011726656928658485,-0.06775397062301636,0.08164447546005249
image_encoder.neck.convs.3.conv.bias,256,-0.0003464494366198778,0.037421293556690216,-0.07942520827054977,0.07697182893753052
mask_downsample.weight,16,0.0059047117829322815,0.043409038335084915,-0.08104048669338226,0.06366753578186035
mask_downsample.bias,1,0.2249269038438797,0.0,0.2249269038438797,0.2249269038438797
memory_attention.layers.0.self_attn.q_proj.weight,65536,2.902759297285229e-05,0.024901485070586205,-0.1296086311340332,0.13115018606185913
memory_attention.layers.0.self_attn.q_proj.bias,256,0.00018328102305531502,0.2225605547428131,-0.5760788321495056,0.586329996585846
memory_attention.layers.0.self_attn.k_proj.weight,65536,-4.466669270186685e-05,0.029215669259428978,-0.13111339509487152,0.1410253942012787
memory_attention.layers.0.self_attn.k_proj.bias,256,-0.0004472151631489396,0.08180660754442215,-0.36922621726989746,0.30796489119529724
memory_attention.layers.0.self_attn.v_proj.weight,65536,4.929799615638331e-06,0.014908252283930779,-0.10544613748788834,0.09387023001909256
memory_attention.layers.0.self_attn.v_proj.bias,256,0.0004375434364192188,0.005448542535305023,-0.016248688101768494,0.023790443316102028
memory_attention.layers.0.self_attn.out_proj.weight,65536,5.771511496277526e-06,0.014178704470396042,-0.14994587004184723,0.10860127955675125
memory_attention.layers.0.self_attn.out_proj.bias,256,-0.0008290874538943172,0.032379038631916046,-0.08637169003486633,0.2365051507949829
memory_attention.layers.0.cross_attn_image.q_proj.weight,65536,-2.297839819220826e-05,0.04090104252099991,-0.20328405499458313,0.1790587604045868
memory_attention.layers.0.cross_attn_image.q_proj.bias,256,0.0009924196638166904,0.13767080008983612,-0.37995439767837524,0.32952383160591125
memory_attention.layers.0.cross_attn_image.k_proj.weight,16384,0.0007990043959580362,0.04328848049044609,-0.21774576604366302,0.17845851182937622
memory_attention.layers.0.cross_attn_image.k_proj.bias,256,-0.007034424692392349,0.10223700851202011,-0.33687204122543335,0.21639743447303772
memory_attention.layers.0.cross_attn_image.v_proj.weight,16384,-3.0093855457380414e-05,0.02580614574253559,-0.12996472418308258,0.11181729286909103
memory_attention.layers.0.cross_attn_image.v_proj.bias,256,-0.0006645847461186349,0.018371330574154854,-0.06655456125736237,0.06897048652172089
memory_attention.layers.0.cross_attn_image.out_proj.weight,65536,1.6435667930636555e-05,0.025201234966516495,-0.1488865166902542,0.14142119884490967
memory_attention.layers.0.cross_attn_image.out_proj.bias,256,0.00013284190208651125,0.0358804389834404,-0.08043108880519867,0.2786669135093689
memory_attention.layers.0.linear1.weight,524288,0.0005377138732001185,0.024428006261587143,-0.15017437934875488,0.13247376680374146
memory_attention.layers.0.linear1.bias,2048,-0.11002960056066513,0.038929011672735214,-0.23546230792999268,0.0047034528106451035
memory_attention.layers.0.linear2.weight,524288,1.6190193491638638e-05,0.02438514493405819,-0.13163171708583832,0.1345556229352951
memory_attention.layers.0.linear2.bias,256,0.0005730859702453017,0.06480201333761215,-0.22097451984882355,0.1728009283542633
memory_attention.layers.0.norm1.weight,256,0.34974926710128784,0.11610952764749527,0.02436729148030281,0.7503360509872437
memory_attention.layers.0.norm1.bias,256,0.004403554834425449,0.09817823767662048,-0.7454941272735596,0.26432058215141296
memory_attention.layers.0.norm2.weight,256,1.1812597513198853,0.09996732324361801,0.8895511031150818,1.4772690534591675
memory_attention.layers.0.norm2.bias,256,-0.013286152854561806,0.1329197883605957,-0.2764846086502075,0.264813631772995
memory_attention.layers.0.norm3.weight,256,0.7933762073516846,0.08665019273757935,0.5149624943733215,1.0417091846466064
memory_attention.layers.0.norm3.bias,256,-0.0002793062012642622,0.06236566603183746,-0.14392559230327606,0.17842233180999756
memory_attention.layers.1.self_attn.q_proj.weight,65536,3.792502320720814e-05,0.025768088176846504,-0.1373744159936905,0.12348181754350662
memory_attention.layers.1.self_attn.q_proj.bias,256,-0.010701132006943226,0.16612114012241364,-0.5936628580093384,0.47153031826019287
memory_attention.layers.1.self_attn.k_proj.weight,65536,-1.88347912626341e-05,0.02719917520880699,-0.14640547335147858,0.12425126880407333
memory_attention.layers.1.self_attn.k_proj.bias,256,-0.003557628719136119,0.09939653426408768,-0.27741938829421997,0.26615315675735474
memory_attention.layers.1.self_attn.v_proj.weight,65536,-1.2093189070583321e-05,0.022091500461101532,-0.0979555994272232,0.10039898753166199
memory_attention.layers.1.self_attn.v_proj.bias,256,-0.0002396331401541829,0.02951771765947342,-0.06504946947097778,0.06783902645111084
memory_attention.layers.1.self_attn.out_proj.weight,65536,9.274663170799613e-06,0.020432207733392715,-0.11330486834049225,0.1358431577682495
memory_attention.layers.1.self_attn.out_proj.bias,256,-0.005601952783763409,0.0662461593747139,-0.486867755651474,0.4662184715270996
memory_attention.layers.1.cross_attn_image.q_proj.weight,65536,2.73239074886078e-05,0.048375699669122696,-0.24830272793769836,0.25361743569374084
memory_attention.layers.1.cross_attn_image.q_proj.bias,256,-0.008011607453227043,0.13675107061862946,-0.32886239886283875,0.3341791033744812
memory_attention.layers.1.cross_attn_image.k_proj.weight,16384,-0.0001387881493428722,0.052352216094732285,-0.22273744642734528,0.2660903036594391
memory_attention.layers.1.cross_attn_image.k_proj.bias,256,-0.01292914804071188,0.11504669487476349,-0.3317319452762604,0.30209171772003174
memory_attention.layers.1.cross_attn_image.v_proj.weight,16384,9.052369568962604e-05,0.027305494993925095,-0.13424527645111084,0.15670675039291382
memory_attention.layers.1.cross_attn_image.v_proj.bias,256,0.001604504301212728,0.05600986257195473,-0.15709346532821655,0.1785234659910202
memory_attention.layers.1.cross_attn_image.out_proj.weight,65536,5.943853466305882e-05,0.026305079460144043,-0.18088434636592865,0.22580251097679138
memory_attention.layers.1.cross_attn_image.out_proj.bias,256,-0.002053676638752222,0.09344248473644257,-0.898055911064148,0.7235527634620667
memory_attention.layers.1.linear1.weight,524288,0.00041011112625710666,0.02454291097819805,-0.15763577818870544,0.1327955275774002
memory_attention.layers.1.linear1.bias,2048,-0.08104196190834045,0.038164082914590836,-0.17772939801216125,0.021814312785863876
memory_attention.layers.1.linear2.weight,524288,-3.941273462260142e-05,0.024580834433436394,-0.2622286379337311,0.17371340095996857
memory_attention.layers.1.linear2.bias,256,-0.0030591562390327454,0.07156822085380554,-0.5774147510528564,0.45571380853652954
memory_attention.layers.1.norm1.weight,256,0.675976574420929,0.07428685575723648,0.4032163619995117,0.9175451993942261
memory_attention.layers.1.norm1.bias,256,0.010173656046390533,0.10169344395399094,-0.29024162888526917,0.3267512619495392
memory_attention.layers.1.norm2.weight,256,1.48800528049469,0.1616516411304474,1.0208967924118042,1.865686297416687
memory_attention.layers.1.norm2.bias,256,-0.0049729603342711926,0.08924619108438492,-0.2158096432685852,0.20987863838672638
memory_attention.layers.1.norm3.weight,256,0.8511381149291992,0.152458056807518,0.3284972012042999,1.445085883140564
memory_attention.layers.1.norm3.bias,256,-0.010011047124862671,0.1508556306362152,-0.37062403559684753,0.3063308000564575
memory_attention.layers.2.self_attn.q_proj.weight,65536,4.6334938815562055e-05,0.027436865493655205,-0.15419110655784607,0.14667722582817078
memory_attention.layers.2.self_attn.q_proj.bias,256,-0.011694896966218948,0.13663385808467865,-0.43504008650779724,0.45373016595840454
memory_attention.layers.2.self_attn.k_proj.weight,65536,-1.570502354297787e-05,0.027904223650693893,-0.17131733894348145,0.1891934871673584
memory_attention.layers.2.self_attn.k_proj.bias,256,-0.010823281481862068,0.16698989272117615,-0.6818181276321411,0.5275177955627441
memory_attention.layers.2.self_attn.v_proj.weight,65536,1.9380180674488656e-05,0.022420184686779976,-0.11365269869565964,0.11087135225534439
memory_attention.layers.2.self_attn.v_proj.bias,256,0.0008806242840364575,0.033884841948747635,-0.06753510236740112,0.07937746495008469
memory_attention.layers.2.self_attn.out_proj.weight,65536,-1.2579817848745733e-05,0.019924040883779526,-0.14188410341739655,0.1457977443933487
memory_attention.layers.2.self_attn.out_proj.bias,256,-0.0052607315592467785,0.06988295167684555,-0.5993420481681824,0.5660507678985596
memory_attention.layers.2.cross_attn_image.q_proj.weight,65536,-6.847172335255891e-05,0.03166309371590614,-0.1874731332063675,0.17029838263988495
memory_attention.layers.2.cross_attn_image.q_proj.bias,256,0.010265636257827282,0.10280483216047287,-0.31359025835990906,0.428072452545166
memory_attention.layers.2.cross_attn_image.k_proj.weight,16384,0.0002320459025213495,0.03340563923120499,-0.21074244379997253,0.18191015720367432
memory_attention.layers.2.cross_attn_image.k_proj.bias,256,-0.0008154646493494511,0.1500813066959381,-0.5092520713806152,0.4387514293193817
memory_attention.layers.2.cross_attn_image.v_proj.weight,16384,0.00023881766537670046,0.02674202434718609,-0.10953458398580551,0.1229519322514534
memory_attention.layers.2.cross_attn_image.v_proj.bias,256,-0.00029396614991128445,0.038066137582063675,-0.09934359788894653,0.0999077558517456
memory_attention.layers.2.cross_attn_image.out_proj.weight,65536,-1.6118860003189184e-05,0.026480989530682564,-0.11316031962633133,0.11891277879476547
memory_attention.layers.2.cross_attn_image.out_proj.bias,256,-0.0011136390967294574,0.06583138555288315,-0.581486165523529,0.5027997493743896
memory_attention.layers.2.linear1.weight,524288,0.0002956584794446826,0.025308040902018547,-0.16174879670143127,0.1789589673280716
memory_attention.layers.2.linear1.bias,2048,-0.06691057235002518,0.038659386336803436,-0.1742504984140396,0.04153517261147499
memory_attention.layers.2.linear2.weight,524288,-7.691616337979212e-05,0.025721175596117973,-0.24720399081707,0.14359156787395477
memory_attention.layers.2.linear2.bias,256,-0.0002776292967610061,0.06311114132404327,-0.3848457336425781,0.2897532880306244
memory_attention.layers.2.norm1.weight,256,0.8013365864753723,0.09008010476827621,0.5512681007385254,1.0227365493774414
memory_attention.layers.2.norm1.bias,256,-0.0013989127473905683,0.08092381060123444,-0.24545229971408844,0.25632718205451965
memory_attention.layers.2.norm2.weight,256,0.9995081424713135,0.09417660534381866,0.7422440648078918,1.2460156679153442
memory_attention.layers.2.norm2.bias,256,-0.0037281489931046963,0.08567479997873306,-0.20882099866867065,0.26644036173820496
memory_attention.layers.2.norm3.weight,256,0.9558692574501038,0.15231181681156158,0.5052270293235779,1.4213422536849976
memory_attention.layers.2.norm3.bias,256,-0.005837592761963606,0.124750517308712,-0.3761008083820343,0.36796700954437256
memory_attention.layers.3.self_attn.q_proj.weight,65536,-3.6371588066685945e-05,0.03121132403612137,-0.1792353093624115,0.16578948497772217
memory_attention.layers.3.self_attn.q_proj.bias,256,0.0004575224593281746,0.11377161741256714,-0.4682767987251282,0.36882901191711426
memory_attention.layers.3.self_attn.k_proj.weight,65536,3.198536069248803e-05,0.030364377424120903,-0.1771039068698883,0.17829757928848267
memory_attention.layers.3.self_attn.k_proj.bias,256,0.011627515777945518,0.27898794412612915,-1.2076642513275146,1.2590234279632568
memory_attention.layers.3.self_attn.v_proj.weight,65536,-8.079935651039705e-05,0.024501081556081772,-0.1201808825135231,0.13925299048423767
memory_attention.layers.3.self_attn.v_proj.bias,256,-0.0007043106015771627,0.03591771051287651,-0.0813356414437294,0.08414579182863235
memory_attention.layers.3.self_attn.out_proj.weight,65536,4.6377055696211755e-05,0.022095011547207832,-0.14021272957324982,0.1722506582736969
memory_attention.layers.3.self_attn.out_proj.bias,256,-0.004365679807960987,0.053313784301280975,-0.17232361435890198,0.1262015551328659
memory_attention.layers.3.cross_attn_image.q_proj.weight,65536,-4.6194061724236235e-05,0.04283200204372406,-0.22487245500087738,0.23298272490501404
memory_attention.layers.3.cross_attn_image.q_proj.bias,256,0.00801010150462389,0.1096821203827858,-0.30598822236061096,0.30907413363456726
memory_attention.layers.3.cross_attn_image.k_proj.weight,16384,0.0003138507017865777,0.049815379083156586,-0.21412049233913422,0.23706349730491638
memory_attention.layers.3.cross_attn_image.k_proj.bias,256,-0.003654653672128916,0.11249701678752899,-0.3134619891643524,0.30609092116355896
memory_attention.layers.3.cross_attn_image.v_proj.weight,16384,0.00014280813047662377,0.02781013771891594,-0.1404830813407898,0.1391172707080841
memory_attention.layers.3.cross_attn_image.v_proj.bias,256,-0.0015793483471497893,0.04876295104622841,-0.14863179624080658,0.17220467329025269
memory_attention.layers.3.cross_attn_image.out_proj.weight,65536,-1.3201526599004865e-05,0.027622485533356667,-0.20579051971435547,0.2061312347650528
memory_attention.layers.3.cross_attn_image.out_proj.bias,256,-0.0015733883483335376,0.0817280188202858,-0.5829502940177917,0.41579917073249817
memory_attention.layers.3.linear1.weight,524288,0.00041545770363882184,0.025909192860126495,-0.15748408436775208,0.16193990409374237
memory_attention.layers.3.linear1.bias,2048,-0.07435132563114166,0.038527712225914,-0.16993390023708344,0.02569246105849743
memory_attention.layers.3.linear2.weight,524288,-0.00033215631265193224,0.02706400863826275,-0.23607531189918518,0.19504529237747192
memory_attention.layers.3.linear2.bias,256,-0.0009842310100793839,0.08696635812520981,-0.614039421081543,0.2851959466934204
memory_attention.layers.3.norm1.weight,256,0.827534556388855,0.09266629070043564,0.5717133283615112,1.0836981534957886
memory_attention.layers.3.norm1.bias,256,-0.007398117333650589,0.06315255910158157,-0.2033286690711975,0.23731732368469238
memory_attention.layers.3.norm2.weight,256,1.3225610256195068,0.1779845505952835,0.7980616688728333,1.7430052757263184
memory_attention.layers.3.norm2.bias,256,-0.007321889046579599,0.09995775669813156,-0.23760226368904114,0.30267491936683655
memory_attention.layers.3.norm3.weight,256,0.957004725933075,0.18175366520881653,0.2416219264268875,1.3518012762069702
memory_attention.layers.3.norm3.bias,256,-0.010952374897897243,0.11597271263599396,-0.3708776831626892,0.3122532069683075
memory_attention.norm.weight,256,0.8219713568687439,0.17856992781162262,0.00725325383245945,1.2157927751541138
memory_attention.norm.bias,256,-0.003254083450883627,0.11248630285263062,-0.519726037979126,0.7004590034484863
memory_encoder.mask_downsampler.encoder.0.weight,36,-0.0008991278009489179,0.036574311554431915,-0.06325336545705795,0.06446029990911484
memory_encoder.mask_downsampler.encoder.0.bias,4,-0.04920767620205879,0.04822496697306633,-0.12132807821035385,0.014503044076263905
memory_encoder.mask_downsampler.encoder.1.weight,4,0.19938093423843384,0.0650118887424469,0.09295520931482315,0.26054808497428894
memory_encoder.mask_downsampler.encoder.1.bias,4,0.06195788085460663,0.1552845686674118,-0.10149967670440674,0.3123711943626404
memory_encoder.mask_downsampler.encoder.3.weight,576,0.00333567732013762,0.03647247701883316,-0.1174900159239769,0.13734523952007294
memory_encoder.mask_downsampler.encoder.3.bias,16,0.037695128470659256,0.009497095830738544,0.01690921001136303,0.057982929050922394
memory_encoder.mask_downsampler.encoder.4.weight,16,0.22609078884124756,0.08553073555231094,0.10137613862752914,0.3599734306335449
memory_encoder.mask_downsampler.encoder.4.bias,16,-0.026531964540481567,0.09919767081737518,-0.24094247817993164,0.09783829748630524
memory_encoder.mask_downsampler.encoder.6.weight,9216,-0.0016334214014932513,0.026462236419320107,-0.16691961884498596,0.1613614410161972
memory_encoder.mask_downsampler.encoder.6.bias,64,0.019849684089422226,0.02255486324429512,-0.04452504590153694,0.0625087171792984
memory_encoder.mask_downsampler.encoder.7.weight,64,0.14964114129543304,0.10720007121562958,0.02698644809424877,0.403934508562088
memory_encoder.mask_downsampler.encoder.7.bias,64,-0.0350872203707695,0.06524135917425156,-0.2412692904472351,0.1021742969751358
memory_encoder.mask_downsampler.encoder.9.weight,147456,0.0012247010599821806,0.01876337267458439,-0.18659913539886475,0.2171541303396225
memory_encoder.mask_downsampler.encoder.9.bias,256,-0.005492012947797775,0.034489549696445465,-0.18014080822467804,0.07897203415632248
memory_encoder.mask_downsampler.encoder.10.weight,256,0.09456963837146759,0.08818480372428894,0.012859545648097992,0.3238503336906433
memory_encoder.mask_downsampler.encoder.10.bias,256,-0.032888319343328476,0.056762706488370895,-0.2625088393688202,0.0739196389913559
memory_encoder.mask_downsampler.encoder.12.weight,65536,-0.0005759556661359966,0.02446858212351799,-0.23850765824317932,0.2145787626504898
memory_encoder.mask_downsampler.encoder.12.bias,256,0.0007018087198957801,0.04253314435482025,-0.14827071130275726,0.10760432481765747
memory_encoder.pix_feat_proj.weight,65536,1.3421933545032516e-05,0.03847216069698334,-0.20894253253936768,0.22769343852996826
memory_encoder.pix_feat_proj.bias,256,-0.005445307120680809,0.044386573135852814,-0.17005322873592377,0.13330674171447754
memory_encoder.fuser.layers.0.dwconv.weight,12544,0.0003035862173419446,0.019138341769576073,-0.29163774847984314,0.344476580619812
memory_encoder.fuser.layers.0.dwconv.bias,256,0.001282527926377952,0.01913362741470337,-0.07748781889677048,0.13806110620498657
memory_encoder.fuser.layers.0.norm.weight,256,0.18208226561546326,0.11746760457754135,0.003709567943587899,0.5172945857048035
memory_encoder.fuser.layers.0.norm.bias,256,0.0018874655943363905,0.026439601555466652,-0.07547100633382797,0.08824426680803299
memory_encoder.fuser.layers.0.pwconv1.weight,262144,-0.0002031871408689767,0.038873352110385895,-0.44189727306365967,0.30843767523765564
memory_encoder.fuser.layers.0.pwconv1.bias,1024,-0.0695209801197052,0.04847090691328049,-0.22262680530548096,0.06531047075986862
memory_encoder.fuser.layers.0.pwconv2.weight,262144,-0.00024118849250953645,0.026136208325624466,-0.22102144360542297,0.22777341306209564
memory_encoder.fuser.layers.0.pwconv2.bias,256,0.0014186115004122257,0.026519443839788437,-0.08417388051748276,0.08859089016914368
memory_encoder.fuser.layers.1.dwconv.weight,12544,0.00040782950236462057,0.018045278266072273,-0.167901873588562,0.1872415542602539
memory_encoder.fuser.layers.1.dwconv.bias,256,-0.008960913866758347,0.027666525915265083,-0.10996535420417786,0.16970962285995483
memory_encoder.fuser.layers.1.norm.weight,256,0.1459280550479889,0.06609494239091873,0.06486023962497711,0.3598048985004425
memory_encoder.fuser.layers.1.norm.bias,256,0.0015025122556835413,0.026223361492156982,-0.11211051791906357,0.0933232381939888
memory_encoder.fuser.layers.1.pwconv1.weight,262144,0.0010167108848690987,0.03249412775039673,-0.2472153604030609,0.23048542439937592
memory_encoder.fuser.layers.1.pwconv1.bias,1024,-0.027334991842508316,0.059755004942417145,-0.2017531543970108,0.12595003843307495
memory_encoder.fuser.layers.1.pwconv2.weight,262144,2.6856314434553497e-06,0.021287551149725914,-0.17625726759433746,0.1556127518415451
memory_encoder.fuser.layers.1.pwconv2.bias,256,-0.0002193351974710822,0.03125931695103645,-0.13701088726520538,0.1590839922428131
memory_encoder.out_proj.weight,16384,-4.406052175909281e-05,0.04177473485469818,-0.17376041412353516,0.18746426701545715
memory_encoder.out_proj.bias,64,0.0016044635558500886,0.03108716383576393,-0.06796619296073914,0.06593462079763412
sam_prompt_encoder.point_embeddings.0.weight,256,-0.005756676197052002,0.09787404537200928,-0.349441796541214,0.33028048276901245
sam_prompt_encoder.point_embeddings.1.weight,256,0.005299256183207035,0.09178189933300018,-0.2934739291667938,0.27654674649238586
sam_prompt_encoder.point_embeddings.2.weight,256,0.0015653333393856883,0.1262027770280838,-0.3091698884963989,0.3043898046016693
sam_prompt_encoder.point_embeddings.3.weight,256,-0.0018144119530916214,0.13237501680850983,-0.36580631136894226,0.33680328726768494
sam_prompt_encoder.not_a_point_embed.weight,256,-0.011160765774548054,0.10007041692733765,-0.23448170721530914,0.21470271050930023
sam_prompt_encoder.mask_downscaling.0.weight,16,-0.00014556944370269775,0.02989855408668518,-0.061113715171813965,0.05783873796463013
sam_prompt_encoder.mask_downscaling.0.bias,4,0.0050894953310489655,0.0670330673456192,-0.08309014141559601,0.10564744472503662
sam_prompt_encoder.mask_downscaling.1.weight,4,0.0997760146856308,0.003899018047377467,0.09691228717565536,0.10644599050283432
sam_prompt_encoder.mask_downscaling.1.bias,4,0.020633621141314507,0.053467780351638794,-0.039786260575056076,0.07567618042230606
sam_prompt_encoder.mask_downscaling.3.weight,256,-0.0022737286053597927,0.03843173384666443,-0.13470257818698883,0.1404743492603302
sam_prompt_encoder.mask_downscaling.3.bias,16,0.0001708668132778257,0.0017791891004890203,-0.003931066486984491,0.003942741546779871
sam_prompt_encoder.mask_downscaling.4.weight,16,0.3989715874195099,0.05951746553182602,0.2810117304325104,0.5688139796257019
sam_prompt_encoder.mask_downscaling.4.bias,16,0.4941908121109009,0.12363029271364212,0.15145692229270935,0.6425085663795471
sam_prompt_encoder.mask_downscaling.6.weight,4096,0.0006635880563408136,0.06034426763653755,-0.2932349443435669,0.3620752990245819
sam_prompt_encoder.mask_downscaling.6.bias,256,0.010227445513010025,0.04885309934616089,-0.20026767253875732,0.3338793218135834
sam_prompt_encoder.no_mask_embed.weight,256,-0.003676739288493991,0.02445477619767189,-0.16190801560878754,0.15997423231601715
sam_mask_decoder.transformer.layers.0.self_attn.q_proj.weight,65536,5.8159741456620395e-05,0.03893841430544853,-0.502458393573761,0.41618719696998596
sam_mask_decoder.transformer.layers.0.self_attn.q_proj.bias,256,-0.00734788877889514,0.2661944031715393,-0.8782327771186829,0.5909833908081055
sam_mask_decoder.transformer.layers.0.self_attn.k_proj.weight,65536,0.00024888940970413387,0.04264715686440468,-0.5327917337417603,0.4610822796821594
sam_mask_decoder.transformer.layers.0.self_attn.k_proj.bias,256,-0.017563845962285995,0.15541404485702515,-0.396405965089798,0.5031960606575012
sam_mask_decoder.transformer.layers.0.self_attn.v_proj.weight,65536,-5.464319110615179e-05,0.022833365947008133,-0.42838191986083984,0.4832037389278412
sam_mask_decoder.transformer.layers.0.self_attn.v_proj.bias,256,-0.0009583677165210247,0.03196286782622337,-0.08864015340805054,0.13783031702041626
sam_mask_decoder.transformer.layers.0.self_attn.out_proj.weight,65536,-0.00015075967530719936,0.024500971660017967,-0.2951834201812744,0.29943498969078064
sam_mask_decoder.transformer.layers.0.self_attn.out_proj.bias,256,0.001707795076072216,0.14867950975894928,-1.070509433746338,1.1729848384857178
sam_mask_decoder.transformer.layers.0.norm1.weight,256,0.1803966611623764,0.19328860938549042,-0.0025954563170671463,1.2089624404907227
sam_mask_decoder.transformer.layers.0.norm1.bias,256,0.008276875130832195,0.10561221092939377,-0.7955875992774963,0.8324641585350037
sam_mask_decoder.transformer.layers.0.cross_attn_token_to_image.q_proj.weight,32768,0.0006939066806808114,0.05089399591088295,-0.6344594359397888,0.8917627334594727
sam_mask_decoder.transformer.layers.0.cross_attn_token_to_image.q_proj.bias,128,0.006144460290670395,0.24744659662246704,-0.5379990339279175,0.5486996173858643
sam_mask_decoder.transformer.layers.0.cross_attn_token_to_image.k_proj.weight,32768,0.00026818265905603766,0.0460321307182312,-0.5827100872993469,0.8240665197372437
sam_mask_decoder.transformer.layers.0.cross_attn_token_to_image.k_proj.bias,128,0.001973171718418598,0.27511197328567505,-0.7195311784744263,0.792055606842041
sam_mask_decoder.transformer.layers.0.cross_attn_token_to_image.v_proj.weight,32768,7.418351015076041e-05,0.03245427459478378,-0.18006561696529388,0.19326485693454742
sam_mask_decoder.transformer.layers.0.cross_attn_token_to_image.v_proj.bias,128,-0.0018056216649711132,0.03996482864022255,-0.12472773343324661,0.08634484559297562
sam_mask_decoder.transformer.layers.0.cross_attn_token_to_image.out_proj.weight,32768,-3.538234523148276e-05,0.03081391751766205,-0.18380358815193176,0.14115017652511597
sam_mask_decoder.transformer.layers.0.cross_attn_token_to_image.out_proj.bias,256,0.00020966166630387306,0.05415797233581543,-0.45694974064826965,0.3682224452495575
sam_mask_decoder.transformer.layers.0.norm2.weight,256,1.1938486099243164,0.43594929575920105,0.01627996191382408,3.198554277420044
sam_mask_decoder.transformer.layers.0.norm2.bias,256,0.0034941998310387135,0.10746519267559052,-0.4124421179294586,0.5538206100463867
sam_mask_decoder.transformer.layers.0.mlp.layers.0.weight,524288,-0.0003729580785147846,0.03151654824614525,-0.21178680658340454,0.26938292384147644
sam_mask_decoder.transformer.layers.0.mlp.layers.0.bias,2048,-0.12016567587852478,0.0440271720290184,-0.2681286633014679,0.054955217987298965
sam_mask_decoder.transformer.layers.0.mlp.layers.1.weight,524288,9.583572136762086e-06,0.029823658987879753,-0.37398195266723633,0.26079240441322327
sam_mask_decoder.transformer.layers.0.mlp.layers.1.bias,256,0.007272928953170776,0.10800429433584213,-0.415051132440567,0.7456057667732239
sam_mask_decoder.transformer.layers.0.norm3.weight,256,0.454662561416626,0.3207469880580902,-0.003201858839020133,2.162179946899414
sam_mask_decoder.transformer.layers.0.norm3.bias,256,-0.0012347493320703506,0.07780862599611282,-0.3006829619407654,0.5898746252059937
sam_mask_decoder.transformer.layers.0.norm4.weight,256,1.644309639930725,0.3522537350654602,0.2961139678955078,2.802215576171875
sam_mask_decoder.transformer.layers.0.norm4.bias,256,0.022913537919521332,0.3679095208644867,-1.3402130603790283,1.2927607297897339
sam_mask_decoder.transformer.layers.0.cross_attn_image_to_token.q_proj.weight,32768,0.00047320363228209317,0.03575312718749046,-0.7939882874488831,0.7625532150268555
sam_mask_decoder.transformer.layers.0.cross_attn_image_to_token.q_proj.bias,128,0.02546323463320732,0.32386401295661926,-0.893942654132843,1.0075204372406006
sam_mask_decoder.transformer.layers.0.cross_attn_image_to_token.k_proj.weight,32768,0.0002167402853956446,0.037442754954099655,-0.8635525703430176,0.7538428902626038
sam_mask_decoder.transformer.layers.0.cross_attn_image_to_token.k_proj.bias,128,0.035031627863645554,0.3688809275627136,-0.756787896156311,0.895499050617218
sam_mask_decoder.transformer.layers.0.cross_attn_image_to_token.v_proj.weight,32768,-1.4075041690375656e-05,0.040624406188726425,-0.20528116822242737,0.26099076867103577
sam_mask_decoder.transformer.layers.0.cross_attn_image_to_token.v_proj.bias,128,0.0024353384505957365,0.06690148264169693,-0.17334623634815216,0.19558526575565338
sam_mask_decoder.transformer.layers.0.cross_attn_image_to_token.out_proj.weight,32768,3.104942152276635e-07,0.03727712109684944,-0.32252582907676697,0.3420250117778778
sam_mask_decoder.transformer.layers.0.cross_attn_image_to_token.out_proj.bias,256,-0.004872918128967285,0.08683281391859055,-0.27924951910972595,0.3582056760787964
sam_mask_decoder.transformer.layers.1.self_attn.q_proj.weight,65536,-0.00013490775017999113,0.03062676079571247,-0.17385312914848328,0.2347104549407959
sam_mask_decoder.transformer.layers.1.self_attn.q_proj.bias,256,-0.0006025366019457579,0.28848472237586975,-0.6749884486198425,0.6651952862739563
sam_mask_decoder.transformer.layers.1.self_attn.k_proj.weight,65536,-9.693699394119903e-05,0.031059155240654945,-0.20736832916736603,0.21718555688858032
sam_mask_decoder.transformer.layers.1.self_attn.k_proj.bias,256,0.0003019082359969616,0.04905454441905022,-0.1534568816423416,0.14855489134788513
sam_mask_decoder.transformer.layers.1.self_attn.v_proj.weight,65536,4.932936644763686e-05,0.029275430366396904,-0.1310906708240509,0.15250669419765472
sam_mask_decoder.transformer.layers.1.self_attn.v_proj.bias,256,-0.0023787515237927437,0.03513633832335472,-0.11153648048639297,0.08404122292995453
sam_mask_decoder.transformer.layers.1.self_attn.out_proj.weight,65536,3.490570088615641e-05,0.02927025780081749,-0.32400721311569214,0.2865588963031769
sam_mask_decoder.transformer.layers.1.self_attn.out_proj.bias,256,-0.0035049160942435265,0.1511663943529129,-1.409837007522583,0.9451059699058533
sam_mask_decoder.transformer.layers.1.norm1.weight,256,0.8302921056747437,0.3766522705554962,0.001803555409424007,2.3421125411987305
sam_mask_decoder.transformer.layers.1.norm1.bias,256,0.02799803763628006,0.14808399975299835,-0.9464612603187561,0.5466124415397644
sam_mask_decoder.transformer.layers.1.cross_attn_token_to_image.q_proj.weight,32768,-5.055852670921013e-05,0.03742880001664162,-0.17966584861278534,0.20075052976608276
sam_mask_decoder.transformer.layers.1.cross_attn_token_to_image.q_proj.bias,128,-0.002310674637556076,0.2173716127872467,-0.5275166630744934,0.48864051699638367
sam_mask_decoder.transformer.layers.1.cross_attn_token_to_image.k_proj.weight,32768,-0.00013554161705542356,0.034194450825452805,-0.260903000831604,0.3429161608219147
sam_mask_decoder.transformer.layers.1.cross_attn_token_to_image.k_proj.bias,128,-0.0023986967280507088,0.17658987641334534,-0.46702811121940613,0.4580235481262207
sam_mask_decoder.transformer.layers.1.cross_attn_token_to_image.v_proj.weight,32768,-2.1198226022534072e-05,0.03776497021317482,-0.15758968889713287,0.15280209481716156
sam_mask_decoder.transformer.layers.1.cross_attn_token_to_image.v_proj.bias,128,0.005641108378767967,0.08301033824682236,-0.16950778663158417,0.2981504201889038
sam_mask_decoder.transformer.layers.1.cross_attn_token_to_image.out_proj.weight,32768,5.825020343763754e-05,0.03652937337756157,-0.1692688763141632,0.16070204973220825
sam_mask_decoder.transformer.layers.1.cross_attn_token_to_image.out_proj.bias,256,0.0002687631640583277,0.06034286320209503,-0.17939826846122742,0.20204652845859528
sam_mask_decoder.transformer.layers.1.norm2.weight,256,0.9750517010688782,0.3129160702228546,0.2802940309047699,2.2522966861724854
sam_mask_decoder.transformer.layers.1.norm2.bias,256,0.02590320259332657,0.20066200196743011,-1.2446573972702026,0.9586755037307739
sam_mask_decoder.transformer.layers.1.mlp.layers.0.weight,524288,-0.0004985554260201752,0.033039454370737076,-0.2033097743988037,0.20236244797706604
sam_mask_decoder.transformer.layers.1.mlp.layers.0.bias,2048,-0.13060101866722107,0.035218801349401474,-0.28346508741378784,0.010819612070918083
sam_mask_decoder.transformer.layers.1.mlp.layers.1.weight,524288,-8.54090103530325e-06,0.03570154681801796,-0.39888113737106323,0.29910650849342346
sam_mask_decoder.transformer.layers.1.mlp.layers.1.bias,256,-0.0019003250636160374,0.10783088952302933,-0.4889819324016571,0.6261228322982788
sam_mask_decoder.transformer.layers.1.norm3.weight,256,1.4991261959075928,0.30769363045692444,0.40775051712989807,2.113253116607666
sam_mask_decoder.transformer.layers.1.norm3.bias,256,0.04394640401005745,0.11541824787855148,-0.27817246317863464,0.8791486024856567
sam_mask_decoder.transformer.layers.1.norm4.weight,256,1.7520986795425415,0.41291284561157227,0.5445095300674438,3.012995481491089
sam_mask_decoder.transformer.layers.1.norm4.bias,256,0.031877487897872925,0.34887078404426575,-1.1107088327407837,1.1944259405136108
sam_mask_decoder.transformer.layers.1.cross_attn_image_to_token.q_proj.weight,32768,4.441423516254872e-05,0.030356718227267265,-0.1271256059408188,0.15319274365901947
sam_mask_decoder.transformer.layers.1.cross_attn_image_to_token.q_proj.bias,128,-0.0024828091263771057,0.261850506067276,-0.6984851360321045,0.84424889087677
sam_mask_decoder.transformer.layers.1.cross_attn_image_to_token.k_proj.weight,32768,-7.601760444231331e-05,0.03262413293123245,-0.14678645133972168,0.16775985062122345
sam_mask_decoder.transformer.layers.1.cross_attn_image_to_token.k_proj.bias,128,-0.033502865582704544,0.6194440126419067,-2.6571810245513916,1.716765284538269
sam_mask_decoder.transformer.layers.1.cross_attn_image_to_token.v_proj.weight,32768,-0.00015627237735316157,0.04406328871846199,-0.18866299092769623,0.19678698480129242
sam_mask_decoder.transformer.layers.1.cross_attn_image_to_token.v_proj.bias,128,0.008136801421642303,0.089061439037323,-0.16820615530014038,0.3154100179672241
sam_mask_decoder.transformer.layers.1.cross_attn_image_to_token.out_proj.weight,32768,4.095096664968878e-05,0.0460633710026741,-0.3730454742908478,0.3141792118549347
sam_mask_decoder.transformer.layers.1.cross_attn_image_to_token.out_proj.bias,256,-0.010037273168563843,0.13143332302570343,-0.4155677855014801,0.43790295720100403
sam_mask_decoder.transformer.final_attn_token_to_image.q_proj.weight,32768,0.0003122773487120867,0.03303305059671402,-0.16359516978263855,0.20529484748840332
sam_mask_decoder.transformer.final_attn_token_to_image.q_proj.bias,128,0.014014729298651218,0.21268650889396667,-0.5278637409210205,0.5986960530281067
sam_mask_decoder.transformer.final_attn_token_to_image.k_proj.weight,32768,0.0001525805564597249,0.028628813102841377,-0.2752913534641266,0.28562459349632263
sam_mask_decoder.transformer.final_attn_token_to_image.k_proj.bias,128,-0.017000745981931686,0.42718106508255005,-1.2591246366500854,1.2223305702209473
sam_mask_decoder.transformer.final_attn_token_to_image.v_proj.weight,32768,0.0001285256294067949,0.042719241231679916,-0.21965889632701874,0.2606440484523773
sam_mask_decoder.transformer.final_attn_token_to_image.v_proj.bias,128,0.008618291467428207,0.12082529067993164,-0.2932930588722229,0.2806050777435303
sam_mask_decoder.transformer.final_attn_token_to_image.out_proj.weight,32768,2.173778193537146e-05,0.044833432883024216,-0.2114999145269394,0.23006784915924072
sam_mask_decoder.transformer.final_attn_token_to_image.out_proj.bias,256,-0.0032501835376024246,0.11619172990322113,-0.4287930130958557,0.39949098229408264
sam_mask_decoder.transformer.norm_final_attn.weight,256,3.033799648284912,1.0282840728759766,1.2417075634002686,5.60044002532959
sam_mask_decoder.transformer.norm_final_attn.bias,256,-0.008432887494564056,0.2527517080307007,-0.5682865977287292,0.660815417766571
sam_mask_decoder.iou_token.weight,256,-0.004019637126475573,0.07223791629076004,-0.21754160523414612,0.19675010442733765
sam_mask_decoder.mask_tokens.weight,1024,0.00974211934953928,0.1016012653708458,-0.2356959730386734,0.26171934604644775
sam_mask_decoder.obj_score_token.weight,256,0.003965204115957022,0.15501759946346283,-0.376597136259079,0.40170907974243164
sam_mask_decoder.output_upscaling.0.weight,65536,-2.914336437243037e-05,0.028334639966487885,-0.2290029078722,0.18680249154567719
sam_mask_decoder.output_upscaling.0.bias,64,0.00045194104313850403,0.05777289345860481,-0.10774354636669159,0.22392228245735168
sam_mask_decoder.output_upscaling.1.weight,64,0.4332999587059021,0.19847509264945984,0.04964851588010788,1.1220182180404663
sam_mask_decoder.output_upscaling.1.bias,64,-0.024967286735773087,0.20779560506343842,-0.47297531366348267,0.6683855056762695
sam_mask_decoder.output_upscaling.3.weight,8192,-0.00023565268202219158,0.05575805902481079,-0.39769187569618225,0.22141654789447784
sam_mask_decoder.output_upscaling.3.bias,32,-0.014168841764330864,0.028442999348044395,-0.06639374792575836,0.0553710050880909
sam_mask_decoder.conv_s0.weight,8192,0.0004380650934763253,0.023673634976148605,-0.15056543052196503,0.1426771581172943
sam_mask_decoder.conv_s0.bias,32,-0.007076852954924107,0.03103107213973999,-0.0827493742108345,0.04857521131634712
sam_mask_decoder.conv_s1.weight,16384,-0.00012163799692643806,0.036886975169181824,-0.22628308832645416,0.1739911139011383
sam_mask_decoder.conv_s1.bias,64,0.013058113865554333,0.08280424028635025,-0.15857011079788208,0.34012749791145325
sam_mask_decoder.output_hypernetworks_mlps.0.layers.0.weight,65536,-4.365344466350507e-06,0.04483303427696228,-0.426142156124115,0.4307096600532532
sam_mask_decoder.output_hypernetworks_mlps.0.layers.0.bias,256,0.04529896378517151,0.10920777171850204,-0.37336862087249756,0.33438414335250854
sam_mask_decoder.output_hypernetworks_mlps.0.layers.1.weight,65536,0.006770271807909012,0.052663858979940414,-0.4266260266304016,0.4561595618724823
sam_mask_decoder.output_hypernetworks_mlps.0.layers.1.bias,256,0.09506960213184357,0.15763282775878906,-0.3009639084339142,0.4717314541339874
sam_mask_decoder.output_hypernetworks_mlps.0.layers.2.weight,8192,-0.0011555338278412819,0.043360635638237,-0.265566885471344,0.40646296739578247
sam_mask_decoder.output_hypernetworks_mlps.0.layers.2.bias,32,0.05334104970097542,0.23891647160053253,-0.7496341466903687,0.4696718752384186
sam_mask_decoder.output_hypernetworks_mlps.1.layers.0.weight,65536,3.6529712815536186e-05,0.03704197704792023,-0.23809053003787994,0.32030725479125977
sam_mask_decoder.output_hypernetworks_mlps.1.layers.0.bias,256,-0.05030106380581856,0.10217618197202682,-0.43153002858161926,0.2767649292945862
sam_mask_decoder.output_hypernetworks_mlps.1.layers.1.weight,65536,0.0021226906683295965,0.039065197110176086,-0.5911480188369751,0.29972895979881287
sam_mask_decoder.output_hypernetworks_mlps.1.layers.1.bias,256,0.12148528546094894,0.1596338450908661,-0.3804708421230316,0.5861425995826721
sam_mask_decoder.output_hypernetworks_mlps.1.layers.2.weight,8192,-0.0017849835567176342,0.0403866246342659,-0.26711729168891907,0.33813002705574036
sam_mask_decoder.output_hypernetworks_mlps.1.layers.2.bias,32,-0.02042596973478794,0.35505467653274536,-0.9136675596237183,0.6806665658950806
sam_mask_decoder.output_hypernetworks_mlps.2.layers.0.weight,65536,6.59564248053357e-05,0.03921430557966232,-0.2462552934885025,0.28927621245384216
sam_mask_decoder.output_hypernetworks_mlps.2.layers.0.bias,256,-0.011645996011793613,0.13579599559307098,-0.46825504302978516,0.34113574028015137
sam_mask_decoder.output_hypernetworks_mlps.2.layers.1.weight,65536,0.0042271423153579235,0.0480562262237072,-0.5395198464393616,0.3585483133792877
sam_mask_decoder.output_hypernetworks_mlps.2.layers.1.bias,256,0.134138286113739,0.16874098777770996,-0.24818600714206696,0.6405376195907593
sam_mask_decoder.output_hypernetworks_mlps.2.layers.2.weight,8192,-0.0013416147558018565,0.04763796553015709,-0.34856078028678894,0.2927732765674591
sam_mask_decoder.output_hypernetworks_mlps.2.layers.2.bias,32,0.11121086031198502,0.28266721963882446,-0.6350284814834595,0.8156929612159729
sam_mask_decoder.output_hypernetworks_mlps.3.layers.0.weight,65536,4.495663597481325e-05,0.03767615556716919,-0.2402760535478592,0.1780916303396225
sam_mask_decoder.output_hypernetworks_mlps.3.layers.0.bias,256,-0.011557409539818764,0.1333886981010437,-0.48215970396995544,0.32703426480293274
sam_mask_decoder.output_hypernetworks_mlps.3.layers.1.weight,65536,0.003903275355696678,0.042029790580272675,-0.3406846523284912,0.2884024977684021
sam_mask_decoder.output_hypernetworks_mlps.3.layers.1.bias,256,0.16218474507331848,0.18982435762882233,-0.25445351004600525,0.6827605962753296
sam_mask_decoder.output_hypernetworks_mlps.3.layers.2.weight,8192,-0.001551314489915967,0.041915178298950195,-0.27631470561027527,0.2269255667924881
sam_mask_decoder.output_hypernetworks_mlps.3.layers.2.bias,32,0.047622039914131165,0.35409989953041077,-0.9723299145698547,0.6308310031890869
sam_mask_decoder.iou_prediction_head.layers.0.weight,65536,-0.0001256071700481698,0.03739869222044945,-0.1982385218143463,0.23407377302646637
sam_mask_decoder.iou_prediction_head.layers.0.bias,256,-0.10684797167778015,0.11465495824813843,-0.45210427045822144,0.30969148874282837
sam_mask_decoder.iou_prediction_head.layers.1.weight,65536,-0.006043039727956057,0.04606316238641739,-0.6790225505828857,0.6609007120132446
sam_mask_decoder.iou_prediction_head.layers.1.bias,256,0.03665023297071457,0.17913144826889038,-0.4464417099952698,0.4486779570579529
sam_mask_decoder.iou_prediction_head.layers.2.weight,1024,-0.010553991422057152,0.12980647385120392,-1.0963692665100098,0.3495936393737793
sam_mask_decoder.iou_prediction_head.layers.2.bias,4,0.35256412625312805,0.10647129267454147,0.18548811972141266,0.4540883004665375
sam_mask_decoder.pred_obj_score_head.layers.0.weight,65536,0.0001893059234134853,0.022506996989250183,-0.1310213953256607,0.14554132521152496
sam_mask_decoder.pred_obj_score_head.layers.0.bias,256,-0.07452453672885895,0.06136228144168854,-0.19552020728588104,0.15497492253780365
sam_mask_decoder.pred_obj_score_head.layers.1.weight,65536,0.00277860090136528,0.019807415083050728,-0.1796419471502304,0.16562624275684357
sam_mask_decoder.pred_obj_score_head.layers.1.bias,256,-0.04151523858308792,0.10403317213058472,-0.28203487396240234,0.2098931223154068
sam_mask_decoder.pred_obj_score_head.layers.2.weight,256,-0.0012524010380730033,0.03146052733063698,-0.11110230535268784,0.10076851397752762
sam_mask_decoder.pred_obj_score_head.layers.2.bias,1,0.06992136687040329,0.0,0.06992136687040329,0.06992136687040329
obj_ptr_proj.layers.0.weight,65536,0.0009264676482416689,0.02917177602648735,-0.14672303199768066,0.13733185827732086
obj_ptr_proj.layers.0.bias,256,-0.0931612178683281,0.06690368801355362,-0.2492745816707611,0.07428290694952011
obj_ptr_proj.layers.1.weight,65536,-0.004400288686156273,0.022946571931242943,-0.12759007513523102,0.11528559774160385
obj_ptr_proj.layers.1.bias,256,-0.005615726113319397,0.0690813660621643,-0.14224307239055634,0.2840881645679474
obj_ptr_proj.layers.2.weight,65536,-0.00012076301209162921,0.02300341986119747,-0.16435439884662628,0.13138015568256378
obj_ptr_proj.layers.2.bias,256,0.003803255967795849,0.13479776680469513,-0.3076847791671753,0.35042792558670044
obj_ptr_tpos_proj.weight,16384,0.011009074747562408,0.05012381821870804,-0.24485212564468384,0.2091088593006134
obj_ptr_tpos_proj.bias,64,-0.0018409066833555698,0.06448089331388474,-0.16115018725395203,0.1633082777261734
